Sezon,Seri,Hafta,Pist
2024S1,Global Mazda MX-5 Cup,1,VIR
2024S1,Global Mazda MX-5 Cup,2,Tsukuba Circuit
2024S1,Global Mazda MX-5 Cup,3,Oran Park Raceway
2024S1,Global Mazda MX-5 Cup,4,Okayama
2024S1,Global Mazda MX-5 Cup,5,Laguna Seca
2024S1,Global Mazda MX-5 Cup,6,Summit Point Raceway
2024S1,Global Mazda MX-5 Cup,7,Oulton Park
2024S1,Global Mazda MX-5 Cup,8,Okayama
2024S1,Global Mazda MX-5 Cup,9,Charlotte
2024S1,Global Mazda MX-5 Cup,10,Lime Rock Park
2024S1,Global Mazda MX-5 Cup,11,VIR
2024S1,Global Mazda MX-5 Cup,12,Rudskogen Motorsenter
2024S1,GT4 Falken Tyre Challenge,1,Monza
2024S1,GT4 Falken Tyre Challenge,2,Mobility Resort Motegi
2024S1,GT4 Falken Tyre Challenge,3,Silverstone
2024S1,GT4 Falken Tyre Challenge,4,Daytona
2024S1,GT4 Falken Tyre Challenge,5,Rudskogen Motorsenter
2024S1,GT4 Falken Tyre Challenge,6,Bathurst
2024S1,GT4 Falken Tyre Challenge,7,Sandown International Motor Raceway
2024S1,GT4 Falken Tyre Challenge,8,Suzuka
2024S1,GT4 Falken Tyre Challenge,9,Mugello
2024S1,GT4 Falken Tyre Challenge,10,Hungaroring
2024S1,GT4 Falken Tyre Challenge,11,Okayama
2024S1,GT4 Falken Tyre Challenge,12,Long Beach Street Circuit
2024S1,Production Car Sim-Lab Challenge,1,Zandvoort
2024S1,Production Car Sim-Lab Challenge,2,Summit Point Raceway
2024S1,Production Car Sim-Lab Challenge,3,Barber Motorsports Park
2024S1,Production Car Sim-Lab Challenge,4,Mugello
2024S1,Production Car Sim-Lab Challenge,5,Sebring
2024S1,Production Car Sim-Lab Challenge,6,Rudskogen Motorsenter
2024S1,Production Car Sim-Lab Challenge,7,Autódromo José Carlos Pace
2024S1,Production Car Sim-Lab Challenge,8,Sonoma
2024S1,Production Car Sim-Lab Challenge,9,Indianapolis Motor Speedway
2024S1,Production Car Sim-Lab Challenge,10,Phillip Island Circuit
2024S1,Production Car Sim-Lab Challenge,11,VIR
2024S1,Production Car Sim-Lab Challenge,12,Road Atlanta
2024S1,GT4 Falken Tyre Challenge,1,Monza
2024S1,GT4 Falken Tyre Challenge,2,Mobility Resort Motegi
2024S1,GT4 Falken Tyre Challenge,3,Silverstone
2024S1,GT4 Falken Tyre Challenge,4,Daytona
2024S1,GT4 Falken Tyre Challenge,5,Rudskogen Motorsenter
2024S1,GT4 Falken Tyre Challenge,6,Bathurst
2024S1,GT4 Falken Tyre Challenge,7,Sandown International Motor Raceway
2024S1,GT4 Falken Tyre Challenge,8,Suzuka
2024S1,GT4 Falken Tyre Challenge,9,Mugello
2024S1,GT4 Falken Tyre Challenge,10,Hungaroring
2024S1,GT4 Falken Tyre Challenge,11,Okayama
2024S1,GT4 Falken Tyre Challenge,12,Long Beach Street Circuit
2024S1,GT Endurance,1,Spa
2024S1,GT Endurance,2,Mugello
2024S1,GT Endurance,3,Aragon
2024S1,GT Endurance,4,Daytona
2024S1,GT Endurance,5,Hockenheimring Baden-Württemberg
2024S1,GT Endurance,6,Charlotte
2024S1,GT Endurance,7,Suzuka
2024S1,GT Endurance,8,Oulton Park
2024S1,GT Endurance,9,Road Atlanta
2024S1,GT Endurance,10,Okayama
2024S1,GT Endurance,11,Bathurst
2024S1,GT Endurance,12,Circuit of the Americas
2024S1,IMSA Michelin Pilot Challenge,1,Mobility Resort Motegi
2024S1,IMSA Michelin Pilot Challenge,2,Daytona
2024S1,IMSA Michelin Pilot Challenge,3,Bathurst
2024S1,IMSA Michelin Pilot Challenge,4,Suzuka
2024S1,IMSA Michelin Pilot Challenge,5,Hungaroring
2024S1,IMSA Michelin Pilot Challenge,6,Long Beach Street Circuit
2024S1,Porsche Cup,1,Autódromo José Carlos Pace
2024S1,Porsche Cup,2,Zandvoort
2024S1,Porsche Cup,3,Aragon
2024S1,Porsche Cup,4,Spa
2024S1,Porsche Cup,5,Sebring
2024S1,Porsche Cup,6,Road America
2024S1,Porsche Cup,7,Autodromo Internazionale Enzo e Dino Ferrari -
2024S1,Porsche Cup,8,Silverstone
2024S1,Porsche Cup,9,Sonoma
2024S1,Porsche Cup,10,Nürburgring Combined
2024S1,Porsche Cup,11,Brands Hatch
2024S1,Porsche Cup,12,Oran Park Raceway
2024S1,Porsche Cup,1,Autódromo José Carlos Pace
2024S1,Porsche Cup,2,Zandvoort
2024S1,Porsche Cup,3,Aragon
2024S1,Porsche Cup,4,Spa
2024S1,Porsche Cup,5,Sebring
2024S1,Porsche Cup,6,Road America
2024S1,Porsche Cup,7,Autodromo Internazionale Enzo e Dino Ferrari -
2024S1,Porsche Cup,8,Silverstone
2024S1,Porsche Cup,9,Sonoma
2024S1,Porsche Cup,10,Nürburgring Combined
2024S1,Porsche Cup,11,Brands Hatch
2024S1,Porsche Cup,12,Oran Park Raceway
2024S1,GT Sprint,1,Spa
2024S1,GT Sprint,2,Mugello
2024S1,GT Sprint,3,Aragon
2024S1,GT Sprint,4,Daytona
2024S1,GT Sprint,5,Hockenheimring Baden-Württemberg
2024S1,GT Sprint,6,Charlotte
2024S1,GT Sprint,7,Suzuka
2024S1,GT Sprint,8,Oulton Park
2024S1,GT Sprint,9,Road Atlanta
2024S1,GT Sprint,10,Okayama
2024S1,GT Sprint,11,Bathurst
2024S1,GT Sprint,12,Circuit of the Americas
2024S1,GT3 Fanatec Challenge,1,Spa
2024S1,GT3 Fanatec Challenge,2,Mugello
2024S1,GT3 Fanatec Challenge,3,Aragon
2024S1,GT3 Fanatec Challenge,4,Daytona
2024S1,GT3 Fanatec Challenge,5,Hockenheimring Baden-Württemberg
2024S1,GT3 Fanatec Challenge,6,Charlotte
2024S1,GT3 Fanatec Challenge,7,Suzuka
2024S1,GT3 Fanatec Challenge,8,Oulton Park
2024S1,GT3 Fanatec Challenge,9,Road Atlanta
2024S1,GT3 Fanatec Challenge,10,Okayama
2024S1,GT3 Fanatec Challenge,11,Bathurst
2024S1,GT3 Fanatec Challenge,12,Circuit of the Americas
2024S1,Prototype Challenge,1,Canadian Tire Motorsports Park
2024S1,Prototype Challenge,2,Hockenheimring Baden-Württemberg
2024S1,Prototype Challenge,3,Circuit des 24 Heures du Mans
2024S1,Prototype Challenge,4,Long Beach Street Circuit
2024S1,Prototype Challenge,5,Watkins Glen
2024S1,Prototype Challenge,6,Daytona
2024S1,Prototype Challenge,7,Nürburgring Combined
2024S1,Prototype Challenge,8,Sebring
2024S1,Prototype Challenge,9,Mugello
2024S1,Prototype Challenge,10,Aragon
2024S1,Prototype Challenge,11,Montreal
2024S1,Prototype Challenge,12,Silverstone
2024S1,IMSA iRacing Series,1,Canadian Tire Motorsports Park
2024S1,IMSA iRacing Series,2,Hockenheimring Baden-Württemberg
2024S1,IMSA iRacing Series,3,Circuit des 24 Heures du Mans
2024S1,IMSA iRacing Series,4,Long Beach Street Circuit
2024S1,IMSA iRacing Series,5,Watkins Glen
2024S1,IMSA iRacing Series,6,Daytona
2024S1,IMSA iRacing Series,7,Nürburgring Combined
2024S1,IMSA iRacing Series,8,Sebring
2024S1,IMSA iRacing Series,9,Mugello
2024S1,IMSA iRacing Series,10,Aragon
2024S1,IMSA iRacing Series,11,Montreal
2024S1,IMSA iRacing Series,12,Silverstone
2024S1,IMSA iRacing Series,1,Canadian Tire Motorsports Park
2024S1,IMSA iRacing Series,2,Hockenheimring Baden-Württemberg
2024S1,IMSA iRacing Series,3,Circuit des 24 Heures du Mans
2024S1,IMSA iRacing Series,4,Long Beach Street Circuit
2024S1,IMSA iRacing Series,5,Watkins Glen
2024S1,IMSA iRacing Series,6,Daytona
2024S1,IMSA iRacing Series,7,Nürburgring Combined
2024S1,IMSA iRacing Series,8,Sebring
2024S1,IMSA iRacing Series,9,Mugello
2024S1,IMSA iRacing Series,10,Aragon
2024S1,IMSA iRacing Series,11,Montreal
2024S1,IMSA iRacing Series,12,Silverstone
2024S2,Global Mazda MX-5 Cup,1,Summit Point Raceway
2024S2,Global Mazda MX-5 Cup,2,Circuit de Lédenon
2024S2,Global Mazda MX-5 Cup,3,Okayama
2024S2,Global Mazda MX-5 Cup,4,Snetterton Circuit
2024S2,Global Mazda MX-5 Cup,5,Motorsport Arena Oschersleben
2024S2,Global Mazda MX-5 Cup,6,Laguna Seca
2024S2,Global Mazda MX-5 Cup,7,VIR
2024S2,Global Mazda MX-5 Cup,8,Oulton Park
2024S2,Global Mazda MX-5 Cup,9,Lime Rock Park
2024S2,Global Mazda MX-5 Cup,10,Tsukuba Circuit
2024S2,Global Mazda MX-5 Cup,11,Rudskogen Motorsenter
2024S2,Global Mazda MX-5 Cup,12,Winton Motor Raceway
2024S2,GT4 Falken Tyre Challenge,1,Oulton Park
2024S2,GT4 Falken Tyre Challenge,2,Sebring
2024S2,GT4 Falken Tyre Challenge,3,Barber Motorsports Park
2024S2,GT4 Falken Tyre Challenge,4,Zandvoort
2024S2,GT4 Falken Tyre Challenge,5,Road Atlanta
2024S2,GT4 Falken Tyre Challenge,6,Autodromo Internazionale Enzo e Dino Ferrari -
2024S2,GT4 Falken Tyre Challenge,7,Aragon
2024S2,GT4 Falken Tyre Challenge,8,Nürburgring Combined
2024S2,GT4 Falken Tyre Challenge,9,Portimao
2024S2,GT4 Falken Tyre Challenge,10,Laguna Seca
2024S2,GT4 Falken Tyre Challenge,11,Spa
2024S2,GT4 Falken Tyre Challenge,12,Mid-Ohio Sports Car Course
2024S2,Production Car Sim-Lab Challenge,1,Okayama
2024S2,Production Car Sim-Lab Challenge,2,Watkins Glen
2024S2,Production Car Sim-Lab Challenge,3,Sandown International Motor Raceway
2024S2,Production Car Sim-Lab Challenge,4,Snetterton Circuit
2024S2,Production Car Sim-Lab Challenge,5,Summit Point Raceway
2024S2,Production Car Sim-Lab Challenge,6,Canadian Tire Motorsports Park
2024S2,Production Car Sim-Lab Challenge,7,Donington Park Racing Circuit
2024S2,Production Car Sim-Lab Challenge,8,Rudskogen Motorsenter
2024S2,Production Car Sim-Lab Challenge,9,Mid-Ohio Sports Car Course
2024S2,Production Car Sim-Lab Challenge,10,Brands Hatch
2024S2,Production Car Sim-Lab Challenge,11,Motorsport Arena Oschersleben
2024S2,Production Car Sim-Lab Challenge,12,VIR
2024S2,GT4 Falken Tyre Challenge,1,Oulton Park
2024S2,GT4 Falken Tyre Challenge,2,Sebring
2024S2,GT4 Falken Tyre Challenge,3,Barber Motorsports Park
2024S2,GT4 Falken Tyre Challenge,4,Zandvoort
2024S2,GT4 Falken Tyre Challenge,5,Road Atlanta
2024S2,GT4 Falken Tyre Challenge,6,Autodromo Internazionale Enzo e Dino Ferrari -
2024S2,GT4 Falken Tyre Challenge,7,Aragon
2024S2,GT4 Falken Tyre Challenge,8,Nürburgring Combined
2024S2,GT4 Falken Tyre Challenge,9,Portimao
2024S2,GT4 Falken Tyre Challenge,10,Laguna Seca
2024S2,GT4 Falken Tyre Challenge,11,Spa
2024S2,GT4 Falken Tyre Challenge,12,Mid-Ohio Sports Car Course
2024S2,GT Endurance,1,Portimao
2024S2,GT Endurance,2,Autódromo José Carlos Pace
2024S2,GT Endurance,3,Watkins Glen
2024S2,GT Endurance,4,Road America
2024S2,GT Endurance,5,Monza
2024S2,GT Endurance,6,Circuit des 24 Heures du Mans
2024S2,GT Endurance,7,Sebring
2024S2,GT Endurance,8,Red Bull Ring
2024S2,GT Endurance,9,Bathurst
2024S2,GT Endurance,10,Nürburgring Combined
2024S2,GT Endurance,11,Suzuka
2024S2,GT Endurance,12,Road Atlanta
2024S2,IMSA Michelin Pilot Challenge,1,Sebring
2024S2,IMSA Michelin Pilot Challenge,2,Zandvoort
2024S2,IMSA Michelin Pilot Challenge,3,Autodromo Internazionale Enzo e Dino Ferrari -
2024S2,IMSA Michelin Pilot Challenge,4,Nürburgring Combined
2024S2,IMSA Michelin Pilot Challenge,5,Laguna Seca
2024S2,IMSA Michelin Pilot Challenge,6,Mid-Ohio Sports Car Course
2024S2,LMP3,1,Oulton Park
2024S2,LMP3,2,Sebring
2024S2,LMP3,3,Barber Motorsports Park
2024S2,LMP3,4,Zandvoort
2024S2,LMP3,5,Road Atlanta
2024S2,LMP3,6,Autodromo Internazionale Enzo e Dino Ferrari -
2024S2,LMP3,7,Aragon
2024S2,LMP3,8,Nürburgring Combined
2024S2,LMP3,9,Portimao
2024S2,LMP3,10,Laguna Seca
2024S2,LMP3,11,Spa
2024S2,LMP3,12,Mid-Ohio Sports Car Course
2024S2,Porsche Cup,1,Hockenheimring Baden-Württemberg
2024S2,Porsche Cup,2,Brands Hatch
2024S2,Porsche Cup,3,Road Atlanta
2024S2,Porsche Cup,4,VIR
2024S2,Porsche Cup,5,Circuit Zolder
2024S2,Porsche Cup,6,Road America
2024S2,Porsche Cup,7,Sebring
2024S2,Porsche Cup,8,Bathurst
2024S2,Porsche Cup,9,Spa
2024S2,Porsche Cup,10,Nürburgring Combined
2024S2,Porsche Cup,11,Mugello
2024S2,Porsche Cup,12,Zandvoort
2024S2,Porsche Cup,1,Hockenheimring Baden-Württemberg
2024S2,Porsche Cup,2,Brands Hatch
2024S2,Porsche Cup,3,Road Atlanta
2024S2,Porsche Cup,4,VIR
2024S2,Porsche Cup,5,Circuit Zolder
2024S2,Porsche Cup,6,Road America
2024S2,Porsche Cup,7,Sebring
2024S2,Porsche Cup,8,Bathurst
2024S2,Porsche Cup,9,Spa
2024S2,Porsche Cup,10,Nürburgring Combined
2024S2,Porsche Cup,11,Mugello
2024S2,Porsche Cup,12,Zandvoort
2024S2,GT Sprint,1,Portimao
2024S2,GT Sprint,2,Autódromo José Carlos Pace
2024S2,GT Sprint,3,Watkins Glen
2024S2,GT Sprint,4,Road America
2024S2,GT Sprint,5,Monza
2024S2,GT Sprint,6,Circuit des 24 Heures du Mans
2024S2,GT Sprint,7,Sebring
2024S2,GT Sprint,8,Red Bull Ring
2024S2,GT Sprint,9,Bathurst
2024S2,GT Sprint,10,Nürburgring Combined
2024S2,GT Sprint,11,Suzuka
2024S2,GT Sprint,12,Road Atlanta
2024S2,GT3 Fanatec Challenge,1,Portimao
2024S2,GT3 Fanatec Challenge,2,Autódromo José Carlos Pace
2024S2,GT3 Fanatec Challenge,3,Watkins Glen
2024S2,GT3 Fanatec Challenge,4,Road America
2024S2,GT3 Fanatec Challenge,5,Monza
2024S2,GT3 Fanatec Challenge,6,Circuit des 24 Heures du Mans
2024S2,GT3 Fanatec Challenge,7,Sebring
2024S2,GT3 Fanatec Challenge,8,Red Bull Ring
2024S2,GT3 Fanatec Challenge,9,Bathurst
2024S2,GT3 Fanatec Challenge,10,Nürburgring Combined
2024S2,GT3 Fanatec Challenge,11,Suzuka
2024S2,GT3 Fanatec Challenge,12,Road Atlanta
2024S2,Prototype Challenge,1,Suzuka
2024S2,Prototype Challenge,2,Sebring
2024S2,Prototype Challenge,3,Portimao
2024S2,Prototype Challenge,4,Autodromo Internazionale Enzo e Dino Ferrari -
2024S2,Prototype Challenge,5,Road Atlanta
2024S2,Prototype Challenge,6,Long Beach Street Circuit
2024S2,Prototype Challenge,7,Mugello
2024S2,Prototype Challenge,8,Spa
2024S2,Prototype Challenge,9,Laguna Seca
2024S2,Prototype Challenge,10,Indianapolis Motor Speedway
2024S2,Prototype Challenge,11,Misano
2024S2,Prototype Challenge,12,Detroit Grand Prix at Belle Isle
2024S2,IMSA iRacing Series,1,Suzuka
2024S2,IMSA iRacing Series,2,Sebring
2024S2,IMSA iRacing Series,3,Portimao
2024S2,IMSA iRacing Series,4,Autodromo Internazionale Enzo e Dino Ferrari -
2024S2,IMSA iRacing Series,5,Road Atlanta
2024S2,IMSA iRacing Series,6,Long Beach Street Circuit
2024S2,IMSA iRacing Series,7,Mugello
2024S2,IMSA iRacing Series,8,Spa
2024S2,IMSA iRacing Series,9,Laguna Seca
2024S2,IMSA iRacing Series,10,Indianapolis Motor Speedway
2024S2,IMSA iRacing Series,11,Misano
2024S2,IMSA iRacing Series,12,Detroit Grand Prix at Belle Isle
2024S2,IMSA iRacing Series,1,Suzuka
2024S2,IMSA iRacing Series,2,Sebring
2024S2,IMSA iRacing Series,3,Portimao
2024S2,IMSA iRacing Series,4,Autodromo Internazionale Enzo e Dino Ferrari -
2024S2,IMSA iRacing Series,5,Road Atlanta
2024S2,IMSA iRacing Series,6,Long Beach Street Circuit
2024S2,IMSA iRacing Series,7,Mugello
2024S2,IMSA iRacing Series,8,Spa
2024S2,IMSA iRacing Series,9,Laguna Seca
2024S2,IMSA iRacing Series,10,Indianapolis Motor Speedway
2024S2,IMSA iRacing Series,11,Misano
2024S2,IMSA iRacing Series,12,Detroit Grand Prix at Belle Isle
2024S3,Global Mazda MX-5 Cup,1,Winton Motor Raceway
2024S3,Global Mazda MX-5 Cup,2,Circuit de Lédenon
2024S3,Global Mazda MX-5 Cup,3,Oulton Park
2024S3,Global Mazda MX-5 Cup,4,Circuito de Navarra
2024S3,Global Mazda MX-5 Cup,5,Rudskogen Motorsenter
2024S3,Global Mazda MX-5 Cup,6,Laguna Seca
2024S3,Global Mazda MX-5 Cup,7,Lime Rock Park
2024S3,Global Mazda MX-5 Cup,8,Motorsport Arena Oschersleben
2024S3,Global Mazda MX-5 Cup,9,Tsukuba Circuit
2024S3,Global Mazda MX-5 Cup,10,VIR
2024S3,Global Mazda MX-5 Cup,11,Okayama
2024S3,Global Mazda MX-5 Cup,12,Summit Point Raceway
2024S3,GT4 Falken Tyre Challenge,1,Motorsport Arena Oschersleben
2024S3,GT4 Falken Tyre Challenge,2,Watkins Glen
2024S3,GT4 Falken Tyre Challenge,3,Misano
2024S3,GT4 Falken Tyre Challenge,4,Canadian Tire Motorsports Park
2024S3,GT4 Falken Tyre Challenge,5,Circuito de Navarra
2024S3,GT4 Falken Tyre Challenge,6,Mugello
2024S3,GT4 Falken Tyre Challenge,7,Circuit de Barcelona Catalunya
2024S3,GT4 Falken Tyre Challenge,8,Road America
2024S3,GT4 Falken Tyre Challenge,9,Hockenheimring Baden-Württemberg
2024S3,GT4 Falken Tyre Challenge,10,VIR
2024S3,GT4 Falken Tyre Challenge,11,Bathurst
2024S3,GT4 Falken Tyre Challenge,12,Autódromo José Carlos Pace
2024S3,Production Car Sim-Lab Challenge,1,Okayama
2024S3,Production Car Sim-Lab Challenge,2,Bathurst
2024S3,Production Car Sim-Lab Challenge,3,Winton Motor Raceway
2024S3,Production Car Sim-Lab Challenge,4,Circuito de Navarra
2024S3,Production Car Sim-Lab Challenge,5,Motorsport Arena Oschersleben
2024S3,Production Car Sim-Lab Challenge,6,Nürburgring Nords
2024S3,Production Car Sim-Lab Challenge,7,Circuit de Lédenon
2024S3,Production Car Sim-Lab Challenge,8,Aragon
2024S3,Production Car Sim-Lab Challenge,9,Laguna Seca
2024S3,Production Car Sim-Lab Challenge,10,Long Beach Street Circuit
2024S3,Production Car Sim-Lab Challenge,11,Willow Springs International Raceway
2024S3,Production Car Sim-Lab Challenge,12,VIR
2024S3,GT4 Falken Tyre Challenge,1,Motorsport Arena Oschersleben
2024S3,GT4 Falken Tyre Challenge,2,Watkins Glen
2024S3,GT4 Falken Tyre Challenge,3,Misano
2024S3,GT4 Falken Tyre Challenge,4,Canadian Tire Motorsports Park
2024S3,GT4 Falken Tyre Challenge,5,Circuito de Navarra
2024S3,GT4 Falken Tyre Challenge,6,Mugello
2024S3,GT4 Falken Tyre Challenge,7,Circuit de Barcelona Catalunya
2024S3,GT4 Falken Tyre Challenge,8,Road America
2024S3,GT4 Falken Tyre Challenge,9,Hockenheimring Baden-Württemberg
2024S3,GT4 Falken Tyre Challenge,10,VIR
2024S3,GT4 Falken Tyre Challenge,11,Bathurst
2024S3,GT4 Falken Tyre Challenge,12,Autódromo José Carlos Pace
2024S3,GT Endurance,1,Circuit de Barcelona Catalunya
2024S3,GT Endurance,2,Fuji
2024S3,GT Endurance,3,Misano
2024S3,GT Endurance,4,Daytona
2024S3,GT Endurance,5,Brands Hatch
2024S3,GT Endurance,6,Spa
2024S3,GT Endurance,7,Nürburgring GP
2024S3,GT Endurance,8,Mugello
2024S3,GT Endurance,9,Autodromo Internazionale Enzo e Dino Ferrari -
2024S3,GT Endurance,10,Road America
2024S3,GT Endurance,11,Hockenheimring Baden-Württemberg
2024S3,GT Endurance,12,Portimao
2024S3,IMSA Michelin Pilot Challenge,1,Watkins Glen
2024S3,IMSA Michelin Pilot Challenge,2,Canadian Tire Motorsports Park
2024S3,IMSA Michelin Pilot Challenge,3,Mugello
2024S3,IMSA Michelin Pilot Challenge,4,Road America
2024S3,IMSA Michelin Pilot Challenge,5,VIR
2024S3,IMSA Michelin Pilot Challenge,6,Autódromo José Carlos Pace
2024S3,Porsche Cup,1,Snetterton Circuit
2024S3,Porsche Cup,2,Portimao
2024S3,Porsche Cup,3,Red Bull Ring
2024S3,Porsche Cup,4,Silverstone
2024S3,Porsche Cup,5,Road Atlanta
2024S3,Porsche Cup,6,Hungaroring
2024S3,Porsche Cup,7,Spa
2024S3,Porsche Cup,8,Bathurst
2024S3,Porsche Cup,9,Hockenheimring Baden-Württemberg
2024S3,Porsche Cup,10,Mugello
2024S3,Porsche Cup,11,Zandvoort
2024S3,Porsche Cup,12,Monza
2024S3,Porsche Cup,1,Snetterton Circuit
2024S3,Porsche Cup,2,Portimao
2024S3,Porsche Cup,3,Red Bull Ring
2024S3,Porsche Cup,4,Silverstone
2024S3,Porsche Cup,5,Road Atlanta
2024S3,Porsche Cup,6,Hungaroring
2024S3,Porsche Cup,7,Spa
2024S3,Porsche Cup,8,Bathurst
2024S3,Porsche Cup,9,Hockenheimring Baden-Württemberg
2024S3,Porsche Cup,10,Mugello
2024S3,Porsche Cup,11,Zandvoort
2024S3,Porsche Cup,12,Monza
2024S3,LMP3,1,Motorsport Arena Oschersleben
2024S3,LMP3,2,Watkins Glen
2024S3,LMP3,3,Misano
2024S3,LMP3,4,Canadian Tire Motorsports Park
2024S3,LMP3,5,Circuito de Navarra
2024S3,LMP3,6,Mugello
2024S3,LMP3,7,Circuit de Barcelona Catalunya
2024S3,LMP3,8,Road America
2024S3,LMP3,9,Hockenheimring Baden-Württemberg
2024S3,LMP3,10,VIR
2024S3,LMP3,11,Bathurst
2024S3,LMP3,12,Autódromo José Carlos Pace
2024S3,GT Sprint,1,Circuit de Barcelona Catalunya
2024S3,GT Sprint,2,Fuji
2024S3,GT Sprint,3,Misano
2024S3,GT Sprint,4,Daytona
2024S3,GT Sprint,5,Brands Hatch
2024S3,GT Sprint,6,Spa
2024S3,GT Sprint,7,Nürburgring GP
2024S3,GT Sprint,8,Mugello
2024S3,GT Sprint,9,Autodromo Internazionale Enzo e Dino Ferrari -
2024S3,GT Sprint,10,Road America
2024S3,GT Sprint,11,Hockenheimring Baden-Württemberg
2024S3,GT Sprint,12,Portimao
2024S3,GT3 Fanatec Challenge,1,Circuit de Barcelona Catalunya
2024S3,GT3 Fanatec Challenge,2,Fuji
2024S3,GT3 Fanatec Challenge,3,Misano
2024S3,GT3 Fanatec Challenge,4,Daytona
2024S3,GT3 Fanatec Challenge,5,Brands Hatch
2024S3,GT3 Fanatec Challenge,6,Spa
2024S3,GT3 Fanatec Challenge,7,Nürburgring GP
2024S3,GT3 Fanatec Challenge,8,Mugello
2024S3,GT3 Fanatec Challenge,9,Autodromo Internazionale Enzo e Dino Ferrari -
2024S3,GT3 Fanatec Challenge,10,Road America
2024S3,GT3 Fanatec Challenge,11,Hockenheimring Baden-Württemberg
2024S3,GT3 Fanatec Challenge,12,Portimao
2024S3,Prototype Challenge,1,Watkins Glen
2024S3,Prototype Challenge,2,Portimao
2024S3,Prototype Challenge,3,Nürburgring GP
2024S3,Prototype Challenge,4,Daytona
2024S3,Prototype Challenge,5,Canadian Tire Motorsports Park
2024S3,Prototype Challenge,6,Autódromo José Carlos Pace
2024S3,Prototype Challenge,7,Fuji
2024S3,Prototype Challenge,8,Road America
2024S3,Prototype Challenge,9,Circuit de Barcelona Catalunya
2024S3,Prototype Challenge,10,Circuit des 24 Heures du Mans
2024S3,Prototype Challenge,11,VIR
2024S3,Prototype Challenge,12,Circuit of the Americas
2024S3,IMSA iRacing Series,1,Watkins Glen
2024S3,IMSA iRacing Series,2,Portimao
2024S3,IMSA iRacing Series,3,Nürburgring GP
2024S3,IMSA iRacing Series,4,Daytona
2024S3,IMSA iRacing Series,5,Canadian Tire Motorsports Park
2024S3,IMSA iRacing Series,6,Autódromo José Carlos Pace
2024S3,IMSA iRacing Series,7,Fuji
2024S3,IMSA iRacing Series,8,Road America
2024S3,IMSA iRacing Series,9,Circuit de Barcelona Catalunya
2024S3,IMSA iRacing Series,10,Circuit des 24 Heures du Mans
2024S3,IMSA iRacing Series,11,VIR
2024S3,IMSA iRacing Series,12,Circuit of the Americas
2024S3,IMSA iRacing Series,1,Watkins Glen
2024S3,IMSA iRacing Series,2,Portimao
2024S3,IMSA iRacing Series,3,Nürburgring GP
2024S3,IMSA iRacing Series,4,Daytona
2024S3,IMSA iRacing Series,5,Canadian Tire Motorsports Park
2024S3,IMSA iRacing Series,6,Autódromo José Carlos Pace
2024S3,IMSA iRacing Series,7,Fuji
2024S3,IMSA iRacing Series,8,Road America
2024S3,IMSA iRacing Series,9,Circuit de Barcelona Catalunya
2024S3,IMSA iRacing Series,10,Circuit des 24 Heures du Mans
2024S3,IMSA iRacing Series,11,VIR
2024S3,IMSA iRacing Series,12,Circuit of the Americas
2024S4,Global Mazda MX-5 Cup,1,Rudskogen Motorsenter
2024S4,Global Mazda MX-5 Cup,2,Winton Motor Raceway
2024S4,Global Mazda MX-5 Cup,3,Okayama
2024S4,Global Mazda MX-5 Cup,4,VIR
2024S4,Global Mazda MX-5 Cup,5,Motorsport Arena Oschersleben
2024S4,Global Mazda MX-5 Cup,6,Tsukuba Circuit
2024S4,Global Mazda MX-5 Cup,7,Lime Rock Park
2024S4,Global Mazda MX-5 Cup,8,Circuito de Navarra
2024S4,Global Mazda MX-5 Cup,9,Circuit de Lédenon
2024S4,Global Mazda MX-5 Cup,10,Oulton Park
2024S4,Global Mazda MX-5 Cup,11,Laguna Seca
2024S4,Global Mazda MX-5 Cup,12,Summit Point Raceway
2024S4,Global Mazda MX-5 Cup,13,Charlotte
2024S4,GT4 Falken Tyre Challenge,1,Okayama
2024S4,GT4 Falken Tyre Challenge,2,Indianapolis Motor Speedway
2024S4,GT4 Falken Tyre Challenge,3,Suzuka
2024S4,GT4 Falken Tyre Challenge,4,Road Atlanta
2024S4,GT4 Falken Tyre Challenge,5,Hungaroring
2024S4,GT4 Falken Tyre Challenge,6,Circuit de Nevers Magny-Cours
2024S4,GT4 Falken Tyre Challenge,7,Laguna Seca
2024S4,GT4 Falken Tyre Challenge,8,Hockenheimring Baden-Württemberg
2024S4,GT4 Falken Tyre Challenge,9,Portimao
2024S4,GT4 Falken Tyre Challenge,10,Red Bull Ring
2024S4,GT4 Falken Tyre Challenge,11,Sebring
2024S4,GT4 Falken Tyre Challenge,12,Circuit Zolder
2024S4,GT4 Falken Tyre Challenge,13,Spa
2024S4,Production Car Sim-Lab Challenge,1,Okayama
2024S4,Production Car Sim-Lab Challenge,2,Circuit Zolder
2024S4,Production Car Sim-Lab Challenge,3,Circuito de Navarra
2024S4,Production Car Sim-Lab Challenge,4,Motorsport Arena Oschersleben
2024S4,Production Car Sim-Lab Challenge,5,Autodromo Internazionale Enzo e Dino Ferrari -
2024S4,Production Car Sim-Lab Challenge,6,Road Atlanta
2024S4,Production Car Sim-Lab Challenge,7,Summit Point Raceway
2024S4,Production Car Sim-Lab Challenge,8,Cadwell Park Circuit
2024S4,Production Car Sim-Lab Challenge,9,Detroit Grand Prix at Belle Isle
2024S4,Production Car Sim-Lab Challenge,10,Oulton Park
2024S4,Production Car Sim-Lab Challenge,11,Homestead Miami Speedway
2024S4,Production Car Sim-Lab Challenge,12,VIR
2024S4,Production Car Sim-Lab Challenge,13,Charlotte
2024S4,GT4 Falken Tyre Challenge,1,Okayama
2024S4,GT4 Falken Tyre Challenge,2,Indianapolis Motor Speedway
2024S4,GT4 Falken Tyre Challenge,3,Suzuka
2024S4,GT4 Falken Tyre Challenge,4,Road Atlanta
2024S4,GT4 Falken Tyre Challenge,5,Hungaroring
2024S4,GT4 Falken Tyre Challenge,6,Circuit de Nevers Magny-Cours
2024S4,GT4 Falken Tyre Challenge,7,Laguna Seca
2024S4,GT4 Falken Tyre Challenge,8,Hockenheimring Baden-Württemberg
2024S4,GT4 Falken Tyre Challenge,9,Portimao
2024S4,GT4 Falken Tyre Challenge,10,Red Bull Ring
2024S4,GT4 Falken Tyre Challenge,11,Sebring
2024S4,GT4 Falken Tyre Challenge,12,Circuit Zolder
2024S4,GT4 Falken Tyre Challenge,13,Spa
2024S4,GT Endurance,1,Silverstone
2024S4,GT Endurance,2,Monza
2024S4,GT Endurance,3,Circuit des 24 Heures du Mans
2024S4,GT Endurance,4,Indianapolis Motor Speedway
2024S4,GT Endurance,5,Circuit de Barcelona Catalunya
2024S4,GT Endurance,6,Autódromo José Carlos Pace
2024S4,GT Endurance,7,Montreal
2024S4,GT Endurance,8,Red Bull Ring
2024S4,GT Endurance,9,Watkins Glen
2024S4,GT Endurance,10,Fuji
2024S4,GT Endurance,11,Sebring
2024S4,GT Endurance,12,Laguna Seca
2024S4,GT Endurance,13,Spa
2024S4,IMSA Michelin Pilot Challenge,1,Indianapolis Motor Speedway
2024S4,IMSA Michelin Pilot Challenge,2,Road Atlanta
2024S4,IMSA Michelin Pilot Challenge,3,Circuit de Nevers Magny-Cours
2024S4,IMSA Michelin Pilot Challenge,4,Hockenheimring Baden-Württemberg
2024S4,IMSA Michelin Pilot Challenge,5,Red Bull Ring
2024S4,IMSA Michelin Pilot Challenge,6,Circuit Zolder
2024S4,Porsche Cup,1,Red Bull Ring
2024S4,Porsche Cup,2,Nürburgring Combined
2024S4,Porsche Cup,3,Spa
2024S4,Porsche Cup,4,Sebring
2024S4,Porsche Cup,5,Monza
2024S4,Porsche Cup,6,Portimao
2024S4,Porsche Cup,7,Barber Motorsports Park
2024S4,Porsche Cup,8,Silverstone
2024S4,Porsche Cup,9,Brands Hatch
2024S4,Porsche Cup,10,VIR
2024S4,Porsche Cup,11,Circuit Zolder
2024S4,Porsche Cup,12,Sachsenring
2024S4,Porsche Cup,13,Suzuka
2024S4,Porsche Cup,1,Red Bull Ring
2024S4,Porsche Cup,2,Nürburgring Combined
2024S4,Porsche Cup,3,Spa
2024S4,Porsche Cup,4,Sebring
2024S4,Porsche Cup,5,Monza
2024S4,Porsche Cup,6,Portimao
2024S4,Porsche Cup,7,Barber Motorsports Park
2024S4,Porsche Cup,8,Silverstone
2024S4,Porsche Cup,9,Brands Hatch
2024S4,Porsche Cup,10,VIR
2024S4,Porsche Cup,11,Circuit Zolder
2024S4,Porsche Cup,12,Sachsenring
2024S4,Porsche Cup,13,Suzuka
2024S4,LMP3,1,Okayama
2024S4,LMP3,2,Indianapolis Motor Speedway
2024S4,LMP3,3,Suzuka
2024S4,LMP3,4,Road Atlanta
2024S4,LMP3,5,Hungaroring
2024S4,LMP3,6,Circuit de Nevers Magny-Cours
2024S4,LMP3,7,Laguna Seca
2024S4,LMP3,8,Hockenheimring Baden-Württemberg
2024S4,LMP3,9,Portimao
2024S4,LMP3,10,Red Bull Ring
2024S4,LMP3,11,Sebring
2024S4,LMP3,12,Circuit Zolder
2024S4,LMP3,13,Spa
2024S4,GT Sprint,1,Silverstone
2024S4,GT Sprint,2,Monza
2024S4,GT Sprint,3,Circuit des 24 Heures du Mans
2024S4,GT Sprint,4,Indianapolis Motor Speedway
2024S4,GT Sprint,5,Circuit de Barcelona Catalunya
2024S4,GT Sprint,6,Autódromo José Carlos Pace
2024S4,GT Sprint,7,Montreal
2024S4,GT Sprint,8,Red Bull Ring
2024S4,GT Sprint,9,Watkins Glen
2024S4,GT Sprint,10,Fuji
2024S4,GT Sprint,11,Sebring
2024S4,GT Sprint,12,Laguna Seca
2024S4,GT Sprint,13,Spa
2024S4,GT3 Fanatec Challenge,1,Silverstone
2024S4,GT3 Fanatec Challenge,2,Monza
2024S4,GT3 Fanatec Challenge,3,Circuit des 24 Heures du Mans
2024S4,GT3 Fanatec Challenge,4,Indianapolis Motor Speedway
2024S4,GT3 Fanatec Challenge,5,Circuit de Barcelona Catalunya
2024S4,GT3 Fanatec Challenge,6,Autódromo José Carlos Pace
2024S4,GT3 Fanatec Challenge,7,Montreal
2024S4,GT3 Fanatec Challenge,8,Red Bull Ring
2024S4,GT3 Fanatec Challenge,9,Watkins Glen
2024S4,GT3 Fanatec Challenge,10,Fuji
2024S4,GT3 Fanatec Challenge,11,Sebring
2024S4,GT3 Fanatec Challenge,12,Laguna Seca
2024S4,GT3 Fanatec Challenge,13,Spa
2024S4,Prototype Challenge,1,Indianapolis Motor Speedway
2024S4,Prototype Challenge,2,Fuji
2024S4,Prototype Challenge,3,Canadian Tire Motorsports Park
2024S4,Prototype Challenge,4,Spa
2024S4,Prototype Challenge,5,Circuit Zolder
2024S4,Prototype Challenge,6,Road Atlanta
2024S4,Prototype Challenge,7,Silverstone
2024S4,Prototype Challenge,8,Sebring
2024S4,Prototype Challenge,9,Autódromo José Carlos Pace
2024S4,Prototype Challenge,10,Road America
2024S4,Prototype Challenge,11,Suzuka
2024S4,Prototype Challenge,12,Daytona
2024S4,Prototype Challenge,13,Monza
2024S4,IMSA iRacing Series,1,Indianapolis Motor Speedway
2024S4,IMSA iRacing Series,2,Fuji
2024S4,IMSA iRacing Series,3,Canadian Tire Motorsports Park
2024S4,IMSA iRacing Series,4,Spa
2024S4,IMSA iRacing Series,5,Circuit Zolder
2024S4,IMSA iRacing Series,6,Road Atlanta
2024S4,IMSA iRacing Series,7,Silverstone
2024S4,IMSA iRacing Series,8,Sebring
2024S4,IMSA iRacing Series,9,Autódromo José Carlos Pace
2024S4,IMSA iRacing Series,10,Road America
2024S4,IMSA iRacing Series,11,Suzuka
2024S4,IMSA iRacing Series,12,Daytona
2024S4,IMSA iRacing Series,13,Monza
2024S4,IMSA iRacing Series,1,Indianapolis Motor Speedway
2024S4,IMSA iRacing Series,2,Fuji
2024S4,IMSA iRacing Series,3,Canadian Tire Motorsports Park
2024S4,IMSA iRacing Series,4,Spa
2024S4,IMSA iRacing Series,5,Circuit Zolder
2024S4,IMSA iRacing Series,6,Road Atlanta
2024S4,IMSA iRacing Series,7,Silverstone
2024S4,IMSA iRacing Series,8,Sebring
2024S4,IMSA iRacing Series,9,Autódromo José Carlos Pace
2024S4,IMSA iRacing Series,10,Road America
2024S4,IMSA iRacing Series,11,Suzuka
2024S4,IMSA iRacing Series,12,Daytona
2024S4,IMSA iRacing Series,13,Monza
2025S1,Global Mazda MX-5 Cup,1,Oulton Park
2025S1,Global Mazda MX-5 Cup,2,VIR
2025S1,Global Mazda MX-5 Cup,3,Motorsport Arena Oschersleben
2025S1,Global Mazda MX-5 Cup,4,Circuito de Navarra
2025S1,Global Mazda MX-5 Cup,5,Lime Rock Park
2025S1,Global Mazda MX-5 Cup,6,Winton Motor Raceway
2025S1,Global Mazda MX-5 Cup,7,Circuit de Lédenon
2025S1,Global Mazda MX-5 Cup,8,Okayama
2025S1,Global Mazda MX-5 Cup,9,Charlotte
2025S1,Global Mazda MX-5 Cup,10,Laguna Seca
2025S1,Global Mazda MX-5 Cup,11,Summit Point Raceway
2025S1,Global Mazda MX-5 Cup,12,Tsukuba Circuit
2025S1,GT4 Falken Tyre Challenge,1,VIR
2025S1,GT4 Falken Tyre Challenge,2,Motorsport Arena Oschersleben
2025S1,GT4 Falken Tyre Challenge,3,Watkins Glen
2025S1,GT4 Falken Tyre Challenge,4,Daytona
2025S1,GT4 Falken Tyre Challenge,5,Mugello
2025S1,GT4 Falken Tyre Challenge,6,Circuit de Barcelona Catalunya
2025S1,GT4 Falken Tyre Challenge,7,Phillip Island Circuit
2025S1,GT4 Falken Tyre Challenge,8,Long Beach Street Circuit
2025S1,GT4 Falken Tyre Challenge,9,Canadian Tire Motorsports Park
2025S1,GT4 Falken Tyre Challenge,10,Nürburgring GP
2025S1,GT4 Falken Tyre Challenge,11,Road America
2025S1,GT4 Falken Tyre Challenge,12,Bathurst
2025S1,Production Car Sim-Lab Challenge,1,Okayama
2025S1,Production Car Sim-Lab Challenge,2,VIR
2025S1,Production Car Sim-Lab Challenge,3,Oulton Park
2025S1,Production Car Sim-Lab Challenge,4,Daytona
2025S1,Production Car Sim-Lab Challenge,5,Motorsport Arena Oschersleben
2025S1,Production Car Sim-Lab Challenge,6,Portimao
2025S1,Production Car Sim-Lab Challenge,7,Barber Motorsports Park
2025S1,Production Car Sim-Lab Challenge,8,Summit Point Raceway
2025S1,Production Car Sim-Lab Challenge,9,Montreal
2025S1,Production Car Sim-Lab Challenge,10,Circuito de Navarra
2025S1,Production Car Sim-Lab Challenge,11,Autódromo José Carlos Pace
2025S1,Production Car Sim-Lab Challenge,12,Sebring
2025S1,GT4 Falken Tyre Challenge,1,VIR
2025S1,GT4 Falken Tyre Challenge,2,Motorsport Arena Oschersleben
2025S1,GT4 Falken Tyre Challenge,3,Watkins Glen
2025S1,GT4 Falken Tyre Challenge,4,Daytona
2025S1,GT4 Falken Tyre Challenge,5,Mugello
2025S1,GT4 Falken Tyre Challenge,6,Circuit de Barcelona Catalunya
2025S1,GT4 Falken Tyre Challenge,7,Phillip Island Circuit
2025S1,GT4 Falken Tyre Challenge,8,Long Beach Street Circuit
2025S1,GT4 Falken Tyre Challenge,9,Canadian Tire Motorsports Park
2025S1,GT4 Falken Tyre Challenge,10,Nürburgring GP
2025S1,GT4 Falken Tyre Challenge,11,Road America
2025S1,GT4 Falken Tyre Challenge,12,Bathurst
2025S1,GT Endurance,1,Nürburgring Combined
2025S1,GT Endurance,2,Circuit Zolder
2025S1,GT Endurance,3,Bathurst
2025S1,GT Endurance,4,Daytona
2025S1,GT Endurance,5,Circuito de Jerez
2025S1,GT Endurance,6,Suzuka
2025S1,GT Endurance,7,Zandvoort
2025S1,GT Endurance,8,Road Atlanta
2025S1,GT Endurance,9,Donington Park Racing Circuit
2025S1,GT Endurance,10,Long Beach Street Circuit
2025S1,GT Endurance,11,Hockenheimring Baden-Württemberg
2025S1,GT Endurance,12,Mobility Resort Motegi
2025S1,IMSA Michelin Pilot Challenge,1,Motorsport Arena Oschersleben
2025S1,IMSA Michelin Pilot Challenge,2,Daytona
2025S1,IMSA Michelin Pilot Challenge,3,Circuit de Barcelona Catalunya
2025S1,IMSA Michelin Pilot Challenge,4,Long Beach Street Circuit
2025S1,IMSA Michelin Pilot Challenge,5,Nürburgring GP
2025S1,IMSA Michelin Pilot Challenge,6,Bathurst
2025S1,Porsche Cup,1,Circuit des 24 Heures du Mans
2025S1,Porsche Cup,2,Road Atlanta
2025S1,Porsche Cup,3,Mugello
2025S1,Porsche Cup,4,Long Beach Street Circuit
2025S1,Porsche Cup,5,Laguna Seca
2025S1,Porsche Cup,6,Road America
2025S1,Porsche Cup,7,Autodromo Internazionale Enzo e Dino Ferrari -
2025S1,Porsche Cup,8,Sebring
2025S1,Porsche Cup,9,Indianapolis Motor Speedway
2025S1,Porsche Cup,10,Hungaroring
2025S1,Porsche Cup,11,Suzuka
2025S1,Porsche Cup,12,Sachsenring
2025S1,Porsche Cup,1,Circuit des 24 Heures du Mans
2025S1,Porsche Cup,2,Road Atlanta
2025S1,Porsche Cup,3,Mugello
2025S1,Porsche Cup,4,Long Beach Street Circuit
2025S1,Porsche Cup,5,Laguna Seca
2025S1,Porsche Cup,6,Road America
2025S1,Porsche Cup,7,Autodromo Internazionale Enzo e Dino Ferrari -
2025S1,Porsche Cup,8,Sebring
2025S1,Porsche Cup,9,Indianapolis Motor Speedway
2025S1,Porsche Cup,10,Hungaroring
2025S1,Porsche Cup,11,Suzuka
2025S1,Porsche Cup,12,Sachsenring
2025S1,LMP3,1,VIR
2025S1,LMP3,2,Motorsport Arena Oschersleben
2025S1,LMP3,3,Watkins Glen
2025S1,LMP3,4,Daytona
2025S1,LMP3,5,Mugello
2025S1,LMP3,6,Circuit de Barcelona Catalunya
2025S1,LMP3,7,Phillip Island Circuit
2025S1,LMP3,8,Long Beach Street Circuit
2025S1,LMP3,9,Canadian Tire Motorsports Park
2025S1,LMP3,10,Nürburgring GP
2025S1,LMP3,11,Road America
2025S1,LMP3,12,Bathurst
2025S1,GT Sprint,1,Nürburgring Combined
2025S1,GT Sprint,2,Circuit Zolder
2025S1,GT Sprint,3,Bathurst
2025S1,GT Sprint,4,Daytona
2025S1,GT Sprint,5,Circuito de Jerez
2025S1,GT Sprint,6,Suzuka
2025S1,GT Sprint,7,Zandvoort
2025S1,GT Sprint,8,Road Atlanta
2025S1,GT Sprint,9,Donington Park Racing Circuit
2025S1,GT Sprint,10,Long Beach Street Circuit
2025S1,GT Sprint,11,Hockenheimring Baden-Württemberg
2025S1,GT Sprint,12,Mobility Resort Motegi
2025S1,GT3 Fanatec Challenge,1,Nürburgring Combined
2025S1,GT3 Fanatec Challenge,2,Circuit Zolder
2025S1,GT3 Fanatec Challenge,3,Bathurst
2025S1,GT3 Fanatec Challenge,4,Daytona
2025S1,GT3 Fanatec Challenge,5,Circuito de Jerez
2025S1,GT3 Fanatec Challenge,6,Suzuka
2025S1,GT3 Fanatec Challenge,7,Zandvoort
2025S1,GT3 Fanatec Challenge,8,Road Atlanta
2025S1,GT3 Fanatec Challenge,9,Donington Park Racing Circuit
2025S1,GT3 Fanatec Challenge,10,Long Beach Street Circuit
2025S1,GT3 Fanatec Challenge,11,Hockenheimring Baden-Württemberg
2025S1,GT3 Fanatec Challenge,12,Mobility Resort Motegi
2025S1,Prototype Challenge,1,Watkins Glen
2025S1,Prototype Challenge,2,Mobility Resort Motegi
2025S1,Prototype Challenge,3,Sebring
2025S1,Prototype Challenge,4,Hockenheimring Baden-Württemberg
2025S1,Prototype Challenge,5,Daytona
2025S1,Prototype Challenge,6,Nürburgring GP
2025S1,Prototype Challenge,7,Road America
2025S1,Prototype Challenge,8,Monza
2025S1,Prototype Challenge,9,Long Beach Street Circuit
2025S1,Prototype Challenge,10,Circuit des 24 Heures du Mans
2025S1,Prototype Challenge,11,Portimao
2025S1,Prototype Challenge,12,Spa
2025S1,IMSA iRacing Series,1,Watkins Glen
2025S1,IMSA iRacing Series,2,Mobility Resort Motegi
2025S1,IMSA iRacing Series,3,Sebring
2025S1,IMSA iRacing Series,4,Hockenheimring Baden-Württemberg
2025S1,IMSA iRacing Series,5,Daytona
2025S1,IMSA iRacing Series,6,Nürburgring GP
2025S1,IMSA iRacing Series,7,Road America
2025S1,IMSA iRacing Series,8,Monza
2025S1,IMSA iRacing Series,9,Long Beach Street Circuit
2025S1,IMSA iRacing Series,10,Circuit des 24 Heures du Mans
2025S1,IMSA iRacing Series,11,Portimao
2025S1,IMSA iRacing Series,12,Spa
2025S1,IMSA iRacing Series,1,Watkins Glen
2025S1,IMSA iRacing Series,2,Mobility Resort Motegi
2025S1,IMSA iRacing Series,3,Sebring
2025S1,IMSA iRacing Series,4,Hockenheimring Baden-Württemberg
2025S1,IMSA iRacing Series,5,Daytona
2025S1,IMSA iRacing Series,6,Nürburgring GP
2025S1,IMSA iRacing Series,7,Road America
2025S1,IMSA iRacing Series,8,Monza
2025S1,IMSA iRacing Series,9,Long Beach Street Circuit
2025S1,IMSA iRacing Series,10,Circuit des 24 Heures du Mans
2025S1,IMSA iRacing Series,11,Portimao
2025S1,IMSA iRacing Series,12,Spa
2025S2,Global Mazda MX-5 Cup,1,Motorsport Arena Oschersleben
2025S2,Global Mazda MX-5 Cup,2,Summit Point Raceway
2025S2,Global Mazda MX-5 Cup,3,Lime Rock Park
2025S2,Global Mazda MX-5 Cup,4,Winton Motor Raceway
2025S2,Global Mazda MX-5 Cup,5,Laguna Seca
2025S2,Global Mazda MX-5 Cup,6,Circuit de Lédenon
2025S2,Global Mazda MX-5 Cup,7,Charlotte
2025S2,Global Mazda MX-5 Cup,8,Oulton Park
2025S2,Global Mazda MX-5 Cup,9,Tsukuba Circuit
2025S2,Global Mazda MX-5 Cup,10,VIR
2025S2,Global Mazda MX-5 Cup,11,Circuito de Navarra
2025S2,Global Mazda MX-5 Cup,12,Okayama
2025S2,GT4 Falken Tyre Challenge,1,Portland International Raceway
2025S2,GT4 Falken Tyre Challenge,2,Sebring
2025S2,GT4 Falken Tyre Challenge,3,Montreal
2025S2,GT4 Falken Tyre Challenge,4,Portimao
2025S2,GT4 Falken Tyre Challenge,5,Road Atlanta
2025S2,GT4 Falken Tyre Challenge,6,Spa
2025S2,GT4 Falken Tyre Challenge,7,Suzuka
2025S2,GT4 Falken Tyre Challenge,8,Laguna Seca
2025S2,GT4 Falken Tyre Challenge,9,Autódromo José Carlos Pace
2025S2,GT4 Falken Tyre Challenge,10,Nürburgring Combined
2025S2,GT4 Falken Tyre Challenge,11,Detroit Grand Prix at Belle Isle
2025S2,GT4 Falken Tyre Challenge,12,Mid-Ohio Sports Car Course
2025S2,Production Car Sim-Lab Challenge,1,Snetterton Circuit
2025S2,Production Car Sim-Lab Challenge,2,Willow Springs International Raceway
2025S2,Production Car Sim-Lab Challenge,3,Charlotte
2025S2,Production Car Sim-Lab Challenge,4,Laguna Seca
2025S2,Production Car Sim-Lab Challenge,5,Portland International Raceway
2025S2,Production Car Sim-Lab Challenge,6,Canadian Tire Motorsports Park
2025S2,Production Car Sim-Lab Challenge,7,Mid-Ohio Sports Car Course
2025S2,Production Car Sim-Lab Challenge,8,Lime Rock Park
2025S2,Production Car Sim-Lab Challenge,9,Long Beach Street Circuit
2025S2,Production Car Sim-Lab Challenge,10,Watkins Glen
2025S2,Production Car Sim-Lab Challenge,11,Homestead Miami Speedway
2025S2,Production Car Sim-Lab Challenge,12,Motorsport Arena Oschersleben
2025S2,GT Endurance,1,Red Bull Ring
2025S2,GT Endurance,2,Watkins Glen
2025S2,GT Endurance,3,Portimao
2025S2,GT Endurance,4,Mugello
2025S2,GT Endurance,5,Road America
2025S2,GT Endurance,6,Circuit of the Americas
2025S2,GT Endurance,7,Road Atlanta
2025S2,GT Endurance,8,Circuit des 24 Heures du Mans
2025S2,GT Endurance,9,Sebring
2025S2,GT Endurance,10,Autodromo Internazionale Enzo e Dino Ferrari -
2025S2,GT Endurance,11,Monza
2025S2,GT Endurance,12,Nürburgring Combined
2025S2,IMSA Michelin Pilot Challenge,1,Sebring
2025S2,IMSA Michelin Pilot Challenge,2,Portimao
2025S2,IMSA Michelin Pilot Challenge,3,Spa
2025S2,IMSA Michelin Pilot Challenge,4,Laguna Seca
2025S2,IMSA Michelin Pilot Challenge,5,Nürburgring Combined
2025S2,IMSA Michelin Pilot Challenge,6,Mid-Ohio Sports Car Course
2025S2,Porsche Cup,1,Silverstone
2025S2,Porsche Cup,2,Monza
2025S2,Porsche Cup,3,Autodromo Internazionale Enzo e Dino Ferrari -
2025S2,Porsche Cup,4,VIR
2025S2,Porsche Cup,5,Oulton Park
2025S2,Porsche Cup,6,Road Atlanta
2025S2,Porsche Cup,7,Spa
2025S2,Porsche Cup,8,Daytona
2025S2,Porsche Cup,9,Red Bull Ring
2025S2,Porsche Cup,10,Autódromo José Carlos Pace
2025S2,Porsche Cup,11,Watkins Glen
2025S2,Porsche Cup,12,Nürburgring Combined
2025S2,Porsche Cup,1,Silverstone
2025S2,Porsche Cup,2,Monza
2025S2,Porsche Cup,3,Autodromo Internazionale Enzo e Dino Ferrari -
2025S2,Porsche Cup,4,VIR
2025S2,Porsche Cup,5,Oulton Park
2025S2,Porsche Cup,6,Road Atlanta
2025S2,Porsche Cup,7,Spa
2025S2,Porsche Cup,8,Daytona
2025S2,Porsche Cup,9,Red Bull Ring
2025S2,Porsche Cup,10,Autódromo José Carlos Pace
2025S2,Porsche Cup,11,Watkins Glen
2025S2,Porsche Cup,12,Nürburgring Combined
2025S2,LMP3,1,Portland International Raceway
2025S2,LMP3,2,Sebring
2025S2,LMP3,3,Montreal
2025S2,LMP3,4,Portimao
2025S2,LMP3,5,Road Atlanta
2025S2,LMP3,6,Spa
2025S2,LMP3,7,Suzuka
2025S2,LMP3,8,Laguna Seca
2025S2,LMP3,9,Autódromo José Carlos Pace
2025S2,LMP3,10,Nürburgring Combined
2025S2,LMP3,11,Detroit Grand Prix at Belle Isle
2025S2,LMP3,12,Mid-Ohio Sports Car Course
2025S2,GT4 Falken Tyre Challenge,1,Portland International Raceway
2025S2,GT4 Falken Tyre Challenge,2,Sebring
2025S2,GT4 Falken Tyre Challenge,3,Montreal
2025S2,GT4 Falken Tyre Challenge,4,Portimao
2025S2,GT4 Falken Tyre Challenge,5,Road Atlanta
2025S2,GT4 Falken Tyre Challenge,6,Spa
2025S2,GT4 Falken Tyre Challenge,7,Suzuka
2025S2,GT4 Falken Tyre Challenge,8,Laguna Seca
2025S2,GT4 Falken Tyre Challenge,9,Autódromo José Carlos Pace
2025S2,GT4 Falken Tyre Challenge,10,Nürburgring Combined
2025S2,GT4 Falken Tyre Challenge,11,Detroit Grand Prix at Belle Isle
2025S2,GT4 Falken Tyre Challenge,12,Mid-Ohio Sports Car Course
2025S2,Global Endurance (6Hr),1,Portimao
2025S2,Global Endurance (6Hr),2,Long Beach Street Circuit
2025S2,Global Endurance (6Hr),3,Watkins Glen
2025S2,Global Endurance (6Hr),4,Laguna Seca
2025S2,Global Endurance (6Hr),5,Spa
2025S2,Global Endurance (6Hr),6,Circuit des 24 Heures du Mans
2025S2,GT Sprint,1,Red Bull Ring
2025S2,GT Sprint,2,Watkins Glen
2025S2,GT Sprint,3,Portimao
2025S2,GT Sprint,4,Mugello
2025S2,GT Sprint,5,Road America
2025S2,GT Sprint,6,Circuit of the Americas
2025S2,GT Sprint,7,Road Atlanta
2025S2,GT Sprint,8,Circuit des 24 Heures du Mans
2025S2,GT Sprint,9,Sebring
2025S2,GT Sprint,10,Autodromo Internazionale Enzo e Dino Ferrari -
2025S2,GT Sprint,11,Monza
2025S2,GT Sprint,12,Nürburgring Combined
2025S2,Prototype Challenge,1,Sebring
2025S2,Prototype Challenge,2,Portimao
2025S2,Prototype Challenge,3,Fuji
2025S2,Prototype Challenge,4,Long Beach Street Circuit
2025S2,Prototype Challenge,5,Autodromo Internazionale Enzo e Dino Ferrari -
2025S2,Prototype Challenge,6,Watkins Glen
2025S2,Prototype Challenge,7,Monza
2025S2,Prototype Challenge,8,Laguna Seca
2025S2,Prototype Challenge,9,Road Atlanta
2025S2,Prototype Challenge,10,Spa
2025S2,Prototype Challenge,11,Detroit Grand Prix at Belle Isle
2025S2,Prototype Challenge,12,Circuit des 24 Heures du Mans
2025S2,IMSA iRacing Series,1,Sebring
2025S2,IMSA iRacing Series,2,Portimao
2025S2,IMSA iRacing Series,3,Fuji
2025S2,IMSA iRacing Series,4,Long Beach Street Circuit
2025S2,IMSA iRacing Series,5,Autodromo Internazionale Enzo e Dino Ferrari -
2025S2,IMSA iRacing Series,6,Watkins Glen
2025S2,IMSA iRacing Series,7,Monza
2025S2,IMSA iRacing Series,8,Laguna Seca
2025S2,IMSA iRacing Series,9,Road Atlanta
2025S2,IMSA iRacing Series,10,Spa
2025S2,IMSA iRacing Series,11,Detroit Grand Prix at Belle Isle
2025S2,IMSA iRacing Series,12,Circuit des 24 Heures du Mans
2025S2,IMSA iRacing Series,1,Sebring
2025S2,IMSA iRacing Series,2,Portimao
2025S2,IMSA iRacing Series,3,Fuji
2025S2,IMSA iRacing Series,4,Long Beach Street Circuit
2025S2,IMSA iRacing Series,5,Autodromo Internazionale Enzo e Dino Ferrari -
2025S2,IMSA iRacing Series,6,Watkins Glen
2025S2,IMSA iRacing Series,7,Monza
2025S2,IMSA iRacing Series,8,Laguna Seca
2025S2,IMSA iRacing Series,9,Road Atlanta
2025S2,IMSA iRacing Series,10,Spa
2025S2,IMSA iRacing Series,11,Detroit Grand Prix at Belle Isle
2025S2,IMSA iRacing Series,12,Circuit des 24 Heures du Mans
2025S3,Global Mazda MX-5 Cup,1,Motorsport Arena Oschersleben
2025S3,Global Mazda MX-5 Cup,2,Summit Point Raceway
2025S3,Global Mazda MX-5 Cup,3,Lime Rock Park
2025S3,Global Mazda MX-5 Cup,4,Winton Motor Raceway
2025S3,Global Mazda MX-5 Cup,5,Laguna Seca
2025S3,Global Mazda MX-5 Cup,6,Circuit de Lédenon
2025S3,Global Mazda MX-5 Cup,7,Charlotte
2025S3,Global Mazda MX-5 Cup,8,Oulton Park
2025S3,Global Mazda MX-5 Cup,9,Tsukuba Circuit
2025S3,Global Mazda MX-5 Cup,10,VIR
2025S3,Global Mazda MX-5 Cup,11,Circuito de Navarra
2025S3,Global Mazda MX-5 Cup,12,Okayama
2025S3,GT4 Falken Tyre Challenge,1,Shell V-Power Motorsport Park at The Bend -
2025S3,GT4 Falken Tyre Challenge,2,Watkins Glen
2025S3,GT4 Falken Tyre Challenge,3,Okayama
2025S3,GT4 Falken Tyre Challenge,4,Canadian Tire Motorsports Park
2025S3,GT4 Falken Tyre Challenge,5,Donington Park Racing Circuit
2025S3,GT4 Falken Tyre Challenge,6,Mugello
2025S3,GT4 Falken Tyre Challenge,7,Silverstone
2025S3,GT4 Falken Tyre Challenge,8,Road America
2025S3,GT4 Falken Tyre Challenge,9,Circuit Zolder
2025S3,GT4 Falken Tyre Challenge,10,VIR
2025S3,GT4 Falken Tyre Challenge,11,Autodromo Internazionale Enzo e Dino Ferrari -
2025S3,GT4 Falken Tyre Challenge,12,Suzuka
2025S3,Production Car Sim-Lab Challenge,1,Oran Park Raceway
2025S3,Production Car Sim-Lab Challenge,2,Monza
2025S3,Production Car Sim-Lab Challenge,3,Shell V-Power Motorsport Park at The Bend -
2025S3,Production Car Sim-Lab Challenge,4,Brands Hatch
2025S3,Production Car Sim-Lab Challenge,5,Summit Point Raceway
2025S3,Production Car Sim-Lab Challenge,6,VIR
2025S3,Production Car Sim-Lab Challenge,7,Road America
2025S3,Production Car Sim-Lab Challenge,8,Portimao
2025S3,Production Car Sim-Lab Challenge,9,Tsukuba Circuit
2025S3,Production Car Sim-Lab Challenge,10,Auto Club Speedway
2025S3,Production Car Sim-Lab Challenge,11,Road Atlanta
2025S3,Production Car Sim-Lab Challenge,12,Circuito de Navarra
2025S3,Toyota GR86 Cup,1,Monza
2025S3,Toyota GR86 Cup,2,VIR
2025S3,Toyota GR86 Cup,3,Autodromo Internazionale Enzo e Dino Ferrari -
2025S3,Toyota GR86 Cup,4,Suzuka
2025S3,Toyota GR86 Cup,5,Motorsport Arena Oschersleben
2025S3,Toyota GR86 Cup,6,Silverstone
2025S3,Toyota GR86 Cup,7,Spa
2025S3,Toyota GR86 Cup,8,Summit Point Raceway
2025S3,Toyota GR86 Cup,9,Sebring
2025S3,Toyota GR86 Cup,10,Mugello
2025S3,Toyota GR86 Cup,11,Okayama
2025S3,Toyota GR86 Cup,12,Road America
2025S3,GT Endurance,1,Daytona
2025S3,GT Endurance,2,Brands Hatch
2025S3,GT Endurance,3,Spa
2025S3,GT Endurance,4,Fuji
2025S3,GT Endurance,5,VIR
2025S3,GT Endurance,6,Misano
2025S3,GT Endurance,7,Circuit de Nevers Magny-Cours
2025S3,GT Endurance,8,Autódromo José Carlos Pace
2025S3,GT Endurance,9,Road America
2025S3,GT Endurance,10,Silverstone
2025S3,GT Endurance,11,Nürburgring GP
2025S3,GT Endurance,12,Okayama
2025S3,IMSA Michelin Pilot Challenge,1,Watkins Glen
2025S3,IMSA Michelin Pilot Challenge,2,Canadian Tire Motorsports Park
2025S3,IMSA Michelin Pilot Challenge,3,Mugello
2025S3,IMSA Michelin Pilot Challenge,4,Road America
2025S3,IMSA Michelin Pilot Challenge,5,VIR
2025S3,IMSA Michelin Pilot Challenge,6,Suzuka
2025S3,Porsche Cup,1,Spa
2025S3,Porsche Cup,2,Circuit Zolder
2025S3,Porsche Cup,3,Autódromo José Carlos Pace
2025S3,Porsche Cup,4,Tsukuba Circuit
2025S3,Porsche Cup,5,Okayama
2025S3,Porsche Cup,6,Bathurst
2025S3,Porsche Cup,7,Zandvoort
2025S3,Porsche Cup,8,Watkins Glen
2025S3,Porsche Cup,9,Laguna Seca
2025S3,Porsche Cup,10,Road America
2025S3,Porsche Cup,11,Portimao
2025S3,Porsche Cup,12,Hungaroring
2025S3,Porsche Cup,1,Spa
2025S3,Porsche Cup,2,Circuit Zolder
2025S3,Porsche Cup,3,Autódromo José Carlos Pace
2025S3,Porsche Cup,4,Tsukuba Circuit
2025S3,Porsche Cup,5,Okayama
2025S3,Porsche Cup,6,Bathurst
2025S3,Porsche Cup,7,Zandvoort
2025S3,Porsche Cup,8,Watkins Glen
2025S3,Porsche Cup,9,Laguna Seca
2025S3,Porsche Cup,10,Road America
2025S3,Porsche Cup,11,Portimao
2025S3,Porsche Cup,12,Hungaroring
2025S3,LMP3,1,Shell V-Power Motorsport Park at The Bend -
2025S3,LMP3,2,Watkins Glen
2025S3,LMP3,3,Okayama
2025S3,LMP3,4,Canadian Tire Motorsports Park
2025S3,LMP3,5,Donington Park Racing Circuit
2025S3,LMP3,6,Mugello
2025S3,LMP3,7,Silverstone
2025S3,LMP3,8,Road America
2025S3,LMP3,9,Circuit Zolder
2025S3,LMP3,10,VIR
2025S3,LMP3,11,Autodromo Internazionale Enzo e Dino Ferrari -
2025S3,LMP3,12,Suzuka
2025S3,GT4 Falken Tyre Challenge,1,Shell V-Power Motorsport Park at The Bend -
2025S3,GT4 Falken Tyre Challenge,2,Watkins Glen
2025S3,GT4 Falken Tyre Challenge,3,Okayama
2025S3,GT4 Falken Tyre Challenge,4,Canadian Tire Motorsports Park
2025S3,GT4 Falken Tyre Challenge,5,Donington Park Racing Circuit
2025S3,GT4 Falken Tyre Challenge,6,Mugello
2025S3,GT4 Falken Tyre Challenge,7,Silverstone
2025S3,GT4 Falken Tyre Challenge,8,Road America
2025S3,GT4 Falken Tyre Challenge,9,Circuit Zolder
2025S3,GT4 Falken Tyre Challenge,10,VIR
2025S3,GT4 Falken Tyre Challenge,11,Autodromo Internazionale Enzo e Dino Ferrari -
2025S3,GT4 Falken Tyre Challenge,12,Suzuka
2025S3,Global Endurance (6Hr),1,Mobility Resort Motegi
2025S3,Global Endurance (6Hr),2,Canadian Tire Motorsports Park
2025S3,Global Endurance (6Hr),3,Road America
2025S3,Global Endurance (6Hr),4,Daytona
2025S3,Global Endurance (6Hr),5,VIR
2025S3,Global Endurance (6Hr),6,Hockenheimring Baden-Württemberg
2025S3,GT Sprint,1,Daytona
2025S3,GT Sprint,2,Brands Hatch
2025S3,GT Sprint,3,Fuji
2025S3,GT Sprint,4,Spa
2025S3,GT Sprint,5,VIR
2025S3,GT Sprint,6,Misano
2025S3,GT Sprint,7,Circuit de Nevers Magny-Cours
2025S3,GT Sprint,8,Autódromo José Carlos Pace
2025S3,GT Sprint,9,Road America
2025S3,GT Sprint,10,Silverstone
2025S3,GT Sprint,11,Nürburgring GP
2025S3,GT Sprint,12,Okayama
2025S3,Prototype Challenge,1,Mobility Resort Motegi
2025S3,Prototype Challenge,2,Watkins Glen
2025S3,Prototype Challenge,3,Aragon
2025S3,Prototype Challenge,4,Canadian Tire Motorsports Park
2025S3,Prototype Challenge,5,Autódromo José Carlos Pace
2025S3,Prototype Challenge,6,Road America
2025S3,Prototype Challenge,7,Silverstone
2025S3,Prototype Challenge,8,Daytona
2025S3,Prototype Challenge,9,Road Atlanta
2025S3,Prototype Challenge,10,VIR
2025S3,Prototype Challenge,11,Hockenheimring Baden-Württemberg
2025S3,Prototype Challenge,12,Indianapolis Motor Speedway
2025S3,IMSA iRacing Series,1,Mobility Resort Motegi
2025S3,IMSA iRacing Series,2,Watkins Glen
2025S3,IMSA iRacing Series,3,Aragon
2025S3,IMSA iRacing Series,4,Canadian Tire Motorsports Park
2025S3,IMSA iRacing Series,5,Autódromo José Carlos Pace
2025S3,IMSA iRacing Series,6,Road America
2025S3,IMSA iRacing Series,7,Silverstone
2025S3,IMSA iRacing Series,8,Daytona
2025S3,IMSA iRacing Series,9,Road Atlanta
2025S3,IMSA iRacing Series,10,VIR
2025S3,IMSA iRacing Series,11,Hockenheimring Baden-Württemberg
2025S3,IMSA iRacing Series,12,Indianapolis Motor Speedway
2025S3,IMSA iRacing Series,1,Mobility Resort Motegi
2025S3,IMSA iRacing Series,2,Watkins Glen
2025S3,IMSA iRacing Series,3,Aragon
2025S3,IMSA iRacing Series,4,Canadian Tire Motorsports Park
2025S3,IMSA iRacing Series,5,Autódromo José Carlos Pace
2025S3,IMSA iRacing Series,6,Road America
2025S3,IMSA iRacing Series,7,Silverstone
2025S3,IMSA iRacing Series,8,Daytona
2025S3,IMSA iRacing Series,9,Road Atlanta
2025S3,IMSA iRacing Series,10,VIR
2025S3,IMSA iRacing Series,11,Hockenheimring Baden-Württemberg
2025S3,IMSA iRacing Series,12,Indianapolis Motor Speedway
2025S4,Global Mazda MX-5 Cup,1,VIR
2025S4,Global Mazda MX-5 Cup,2,Motorsport Arena Oschersleben
2025S4,Global Mazda MX-5 Cup,3,Circuito de Navarra
2025S4,Global Mazda MX-5 Cup,4,Lime Rock Park
2025S4,Global Mazda MX-5 Cup,5,Summit Point Raceway
2025S4,Global Mazda MX-5 Cup,6,Tsukuba Circuit
2025S4,Global Mazda MX-5 Cup,7,Circuit de Lédenon
2025S4,Global Mazda MX-5 Cup,8,Oulton Park
2025S4,Global Mazda MX-5 Cup,9,Charlotte
2025S4,Global Mazda MX-5 Cup,10,Winton Motor Raceway
2025S4,Global Mazda MX-5 Cup,11,Okayama
2025S4,Global Mazda MX-5 Cup,12,Summit Point Raceway
2025S4,GT4 Falken Tyre Challenge,1,Charlotte
2025S4,GT4 Falken Tyre Challenge,2,Indianapolis Motor Speedway
2025S4,GT4 Falken Tyre Challenge,3,Autódromo Hermanos Rodríguez
2025S4,GT4 Falken Tyre Challenge,4,Road Atlanta
2025S4,GT4 Falken Tyre Challenge,5,Nürburgring Nords
2025S4,GT4 Falken Tyre Challenge,6,Autódromo José Carlos Pace
2025S4,GT4 Falken Tyre Challenge,7,Brands Hatch
2025S4,GT4 Falken Tyre Challenge,8,Red Bull Ring
2025S4,GT4 Falken Tyre Challenge,9,Hungaroring
2025S4,GT4 Falken Tyre Challenge,10,Zandvoort
2025S4,GT4 Falken Tyre Challenge,11,Circuit des 24 Heures du Mans
2025S4,GT4 Falken Tyre Challenge,12,Hockenheimring Baden-Württemberg
2025S4,Production Car Sim-Lab Challenge,1,Laguna Seca
2025S4,Production Car Sim-Lab Challenge,2,Autódromo Hermanos Rodríguez
2025S4,Production Car Sim-Lab Challenge,3,Kansas Speedway
2025S4,Production Car Sim-Lab Challenge,4,Lime Rock Park
2025S4,Production Car Sim-Lab Challenge,5,Nürburgring GP
2025S4,Production Car Sim-Lab Challenge,6,Portland International Raceway
2025S4,Production Car Sim-Lab Challenge,7,Oulton Park
2025S4,Production Car Sim-Lab Challenge,8,Canadian Tire Motorsports Park
2025S4,Production Car Sim-Lab Challenge,9,Autódromo José Carlos Pace
2025S4,Production Car Sim-Lab Challenge,10,Okayama
2025S4,Production Car Sim-Lab Challenge,11,Charlotte
2025S4,Production Car Sim-Lab Challenge,12,Watkins Glen
2025S4,Toyota GR86 Cup,1,Charlotte
2025S4,Toyota GR86 Cup,2,Monza
2025S4,Toyota GR86 Cup,3,Red Bull Ring
2025S4,Toyota GR86 Cup,4,Laguna Seca
2025S4,Toyota GR86 Cup,5,Road America
2025S4,Toyota GR86 Cup,6,Autódromo Hermanos Rodríguez
2025S4,Toyota GR86 Cup,7,Oulton Park
2025S4,Toyota GR86 Cup,8,Suzuka
2025S4,Toyota GR86 Cup,9,Sebring
2025S4,Toyota GR86 Cup,10,Lime Rock Park
2025S4,Toyota GR86 Cup,11,Road Atlanta
2025S4,Toyota GR86 Cup,12,Nürburgring Nords
2025S4,GT Endurance,1,Red Bull Ring
2025S4,GT Endurance,2,Circuit des 24 Heures du Mans
2025S4,GT Endurance,3,Autódromo Hermanos Rodríguez
2025S4,GT Endurance,4,Circuit de Barcelona Catalunya
2025S4,GT Endurance,5,Indianapolis Motor Speedway
2025S4,GT Endurance,6,Hockenheimring Baden-Württemberg
2025S4,GT Endurance,7,Sebring
2025S4,GT Endurance,8,Suzuka
2025S4,GT Endurance,9,Autódromo José Carlos Pace
2025S4,GT Endurance,10,Bathurst
2025S4,GT Endurance,11,Watkins Glen
2025S4,GT Endurance,12,Mugello
2025S4,IMSA Michelin Pilot Challenge,1,Indianapolis Motor Speedway
2025S4,IMSA Michelin Pilot Challenge,2,Road America
2025S4,IMSA Michelin Pilot Challenge,3,Autódromo José Carlos Pace
2025S4,IMSA Michelin Pilot Challenge,4,Red Bull Ring
2025S4,IMSA Michelin Pilot Challenge,5,Zandvoort
2025S4,IMSA Michelin Pilot Challenge,6,Hockenheimring Baden-Württemberg
2025S4,Porsche Cup,1,Autódromo Hermanos Rodríguez
2025S4,Porsche Cup,2,Portimao
2025S4,Porsche Cup,3,Shell V-Power Motorsport Park at The Bend -
2025S4,Porsche Cup,4,Hockenheimring Baden-Württemberg
2025S4,Porsche Cup,5,Circuit de Barcelona Catalunya
2025S4,Porsche Cup,6,Road Atlanta
2025S4,Porsche Cup,7,Autodromo Internazionale Enzo e Dino Ferrari -
2025S4,Porsche Cup,8,Road America
2025S4,Porsche Cup,9,Bathurst
2025S4,Porsche Cup,10,Long Beach Street Circuit
2025S4,Porsche Cup,11,Sebring
2025S4,Porsche Cup,12,Snetterton Circuit
2025S4,Porsche Cup,1,Autódromo Hermanos Rodríguez
2025S4,Porsche Cup,2,Portimao
2025S4,Porsche Cup,3,Shell V-Power Motorsport Park at The Bend -
2025S4,Porsche Cup,4,Hockenheimring Baden-Württemberg
2025S4,Porsche Cup,5,Circuit de Barcelona Catalunya
2025S4,Porsche Cup,6,Road Atlanta
2025S4,Porsche Cup,7,Autodromo Internazionale Enzo e Dino Ferrari -
2025S4,Porsche Cup,8,Road America
2025S4,Porsche Cup,9,Bathurst
2025S4,Porsche Cup,10,Long Beach Street Circuit
2025S4,Porsche Cup,11,Sebring
2025S4,Porsche Cup,12,Snetterton Circuit
2025S4,LMP3,1,Charlotte
2025S4,LMP3,2,Indianapolis Motor Speedway
2025S4,LMP3,3,Autódromo Hermanos Rodríguez
2025S4,LMP3,4,Road Atlanta
2025S4,LMP3,5,Nürburgring Nords
2025S4,LMP3,6,Autódromo José Carlos Pace
2025S4,LMP3,7,Brands Hatch
2025S4,LMP3,8,Red Bull Ring
2025S4,LMP3,9,Hungaroring
2025S4,LMP3,10,Zandvoort
2025S4,LMP3,11,Circuit des 24 Heures du Mans
2025S4,LMP3,12,Hockenheimring Baden-Württemberg
2025S4,GT4 Falken Tyre Challenge,1,Charlotte
2025S4,GT4 Falken Tyre Challenge,2,Indianapolis Motor Speedway
2025S4,GT4 Falken Tyre Challenge,3,Autódromo Hermanos Rodríguez
2025S4,GT4 Falken Tyre Challenge,4,Road Atlanta
2025S4,GT4 Falken Tyre Challenge,5,Nürburgring Nords
2025S4,GT4 Falken Tyre Challenge,6,Autódromo José Carlos Pace
2025S4,GT4 Falken Tyre Challenge,7,Brands Hatch
2025S4,GT4 Falken Tyre Challenge,8,Red Bull Ring
2025S4,GT4 Falken Tyre Challenge,9,Hungaroring
2025S4,GT4 Falken Tyre Challenge,10,Zandvoort
2025S4,GT4 Falken Tyre Challenge,11,Circuit des 24 Heures du Mans
2025S4,GT4 Falken Tyre Challenge,12,Hockenheimring Baden-Württemberg
2025S4,Global Endurance (6Hr),1,Fuji
2025S4,Global Endurance (6Hr),2,Autodromo Internazionale Enzo e Dino Ferrari -
2025S4,Global Endurance (6Hr),3,Circuit des 24 Heures du Mans
2025S4,Global Endurance (6Hr),4,Monza
2025S4,Global Endurance (6Hr),5,Daytona
2025S4,Global Endurance (6Hr),6,Spa
2025S4,GT Sprint,1,Red Bull Ring
2025S4,GT Sprint,2,Circuit des 24 Heures du Mans
2025S4,GT Sprint,3,Autódromo Hermanos Rodríguez
2025S4,GT Sprint,4,Circuit de Barcelona Catalunya
2025S4,GT Sprint,5,Indianapolis Motor Speedway
2025S4,GT Sprint,6,Hockenheimring Baden-Württemberg
2025S4,GT Sprint,7,Sebring
2025S4,GT Sprint,8,Autódromo José Carlos Pace
2025S4,GT Sprint,9,Suzuka
2025S4,GT Sprint,10,Bathurst
2025S4,GT Sprint,11,Watkins Glen
2025S4,GT Sprint,12,Mugello
2025S4,iRacing GT3 - Regionals,1,Laguna Seca
2025S4,iRacing GT3 - Regionals,2,Road America
2025S4,iRacing GT3 - Regionals,3,Autódromo José Carlos Pace
2025S4,iRacing GT3 - Regionals,4,Autódromo Hermanos Rodríguez
2025S4,iRacing GT3 - Regionals,5,Sonoma
2025S4,iRacing GT3 - Regionals,6,Road Atlanta
2025S4,iRacing GT3 - Regionals,7,Lime Rock Park
2025S4,iRacing GT3 - Regionals,8,VIR
2025S4,iRacing GT3 - Regionals,9,Montreal
2025S4,iRacing GT3 - Regionals,10,Indianapolis Motor Speedway
2025S4,iRacing GT3 - Regionals,11,Summit Point Raceway
2025S4,iRacing GT3 - Regionals,12,Mid-Ohio Sports Car Course
2025S4,iRacing GT3 - Regionals,1,Okayama
2025S4,iRacing GT3 - Regionals,2,Suzuka
2025S4,iRacing GT3 - Regionals,3,Fuji
2025S4,iRacing GT3 - Regionals,4,Shell V-Power Motorsport Park at The Bend -
2025S4,iRacing GT3 - Regionals,5,Mobility Resort Motegi
2025S4,iRacing GT3 - Regionals,6,Phillip Island Circuit
2025S4,iRacing GT3 - Regionals,7,Oran Park Raceway
2025S4,iRacing GT3 - Regionals,8,Tsukuba Circuit
2025S4,iRacing GT3 - Regionals,9,Fuji
2025S4,iRacing GT3 - Regionals,10,Sandown International Motor Raceway
2025S4,iRacing GT3 - Regionals,11,Winton Motor Raceway
2025S4,iRacing GT3 - Regionals,12,Shell V-Power Motorsport Park at The Bend
2025S4,iRacing GT3 - Regionals,1,Oulton Park
2025S4,iRacing GT3 - Regionals,2,Mugello
2025S4,iRacing GT3 - Regionals,3,Brands Hatch
2025S4,iRacing GT3 - Regionals,4,Circuito de Jerez
2025S4,iRacing GT3 - Regionals,5,Zandvoort
2025S4,iRacing GT3 - Regionals,6,Portimao
2025S4,iRacing GT3 - Regionals,7,Motorsport Arena Oschersleben
2025S4,iRacing GT3 - Regionals,8,Rudskogen Motorsenter
2025S4,iRacing GT3 - Regionals,9,Circuit de Barcelona Catalunya
2025S4,iRacing GT3 - Regionals,10,Circuit Zolder
2025S4,iRacing GT3 - Regionals,11,Circuito de Navarra
2025S4,iRacing GT3 - Regionals,12,Sachsenring
2025S4,LMP2 Challenge,1,Sebring
2025S4,LMP2 Challenge,2,Fuji
2025S4,LMP2 Challenge,3,Road Atlanta
2025S4,LMP2 Challenge,4,Autodromo Internazionale Enzo e Dino Ferrari -
2025S4,LMP2 Challenge,5,Portimao
2025S4,LMP2 Challenge,6,Circuit des 24 Heures du Mans
2025S4,LMP2 Challenge,7,Autódromo Hermanos Rodríguez
2025S4,LMP2 Challenge,8,Monza
2025S4,LMP2 Challenge,9,Canadian Tire Motorsports Park
2025S4,LMP2 Challenge,10,Daytona
2025S4,LMP2 Challenge,11,Nürburgring GP
2025S4,LMP2 Challenge,12,Spa
2025S4,Prototype Challenge,1,Sebring
2025S4,Prototype Challenge,2,Fuji
2025S4,Prototype Challenge,3,Road Atlanta
2025S4,Prototype Challenge,4,Autodromo Internazionale Enzo e Dino Ferrari -
2025S4,Prototype Challenge,5,Portimao
2025S4,Prototype Challenge,6,Circuit des 24 Heures du Mans
2025S4,Prototype Challenge,7,Autódromo Hermanos Rodríguez
2025S4,Prototype Challenge,8,Monza
2025S4,Prototype Challenge,9,Canadian Tire Motorsports Park
2025S4,Prototype Challenge,10,Daytona
2025S4,Prototype Challenge,11,Nürburgring GP
2025S4,Prototype Challenge,12,Spa
2025S4,IMSA iRacing Series,1,Sebring
2025S4,IMSA iRacing Series,2,Fuji
2025S4,IMSA iRacing Series,3,Road Atlanta
2025S4,IMSA iRacing Series,4,Autodromo Internazionale Enzo e Dino Ferrari -
2025S4,IMSA iRacing Series,5,Portimao
2025S4,IMSA iRacing Series,6,Circuit des 24 Heures du Mans
2025S4,IMSA iRacing Series,7,Autódromo Hermanos Rodríguez
2025S4,IMSA iRacing Series,8,Monza
2025S4,IMSA iRacing Series,9,Canadian Tire Motorsports Park
2025S4,IMSA iRacing Series,10,Daytona
2025S4,IMSA iRacing Series,11,Nürburgring GP
2025S4,IMSA iRacing Series,12,Spa
2025S4,IMSA iRacing Series,1,Sebring
2025S4,IMSA iRacing Series,2,Fuji
2025S4,IMSA iRacing Series,3,Road Atlanta
2025S4,IMSA iRacing Series,4,Autodromo Internazionale Enzo e Dino Ferrari -
2025S4,IMSA iRacing Series,5,Portimao
2025S4,IMSA iRacing Series,6,Circuit des 24 Heures du Mans
2025S4,IMSA iRacing Series,7,Autódromo Hermanos Rodríguez
2025S4,IMSA iRacing Series,8,Monza
2025S4,IMSA iRacing Series,9,Canadian Tire Motorsports Park
2025S4,IMSA iRacing Series,10,Daytona
2025S4,IMSA iRacing Series,11,Nürburgring GP
2025S4,IMSA iRacing Series,12,Spa
2026S1,Global Mazda MX-5 Cup,1,VIR
2026S1,Global Mazda MX-5 Cup,2,Motorsport Arena Oschersleben
2026S1,Global Mazda MX-5 Cup,3,Circuito de Navarra
2026S1,Global Mazda MX-5 Cup,4,Lime Rock Park
2026S1,Global Mazda MX-5 Cup,5,Summit Point Raceway
2026S1,Global Mazda MX-5 Cup,6,Tsukuba Circuit
2026S1,Global Mazda MX-5 Cup,7,Circuit de Lédenon
2026S1,Global Mazda MX-5 Cup,8,Oulton Park
2026S1,Global Mazda MX-5 Cup,9,Charlotte
2026S1,Global Mazda MX-5 Cup,10,Winton Motor Raceway
2026S1,Global Mazda MX-5 Cup,11,Okayama
2026S1,Global Mazda MX-5 Cup,12,Summit Point Raceway
2026S1,GT4 Falken Tyre Challenge,1,Spa
2026S1,GT4 Falken Tyre Challenge,2,Nürburgring GP
2026S1,GT4 Falken Tyre Challenge,3,Oulton Park
2026S1,GT4 Falken Tyre Challenge,4,Daytona
2026S1,GT4 Falken Tyre Challenge,5,Montreal
2026S1,GT4 Falken Tyre Challenge,6,Long Beach Street Circuit
2026S1,GT4 Falken Tyre Challenge,7,Miami International Autodrome
2026S1,GT4 Falken Tyre Challenge,8,Monza
2026S1,GT4 Falken Tyre Challenge,9,Portland International Raceway
2026S1,GT4 Falken Tyre Challenge,10,Portimao
2026S1,GT4 Falken Tyre Challenge,11,Bathurst
2026S1,GT4 Falken Tyre Challenge,12,Circuit de Barcelona Catalunya
2026S1,Production Car Sim-Lab Challenge,1,VIR
2026S1,Production Car Sim-Lab Challenge,2,Miami International Autodrome
2026S1,Production Car Sim-Lab Challenge,3,Snetterton Circuit
2026S1,Production Car Sim-Lab Challenge,4,Daytona
2026S1,Production Car Sim-Lab Challenge,5,Zandvoort
2026S1,Production Car Sim-Lab Challenge,6,Phoenix Raceway
2026S1,Production Car Sim-Lab Challenge,7,Sonoma
2026S1,Production Car Sim-Lab Challenge,8,Bathurst
2026S1,Production Car Sim-Lab Challenge,9,Summit Point Raceway
2026S1,Production Car Sim-Lab Challenge,10,Brands Hatch
2026S1,Production Car Sim-Lab Challenge,11,Spa
2026S1,Production Car Sim-Lab Challenge,12,Motorsport Arena Oschersleben
2026S1,Toyota GR86 Cup,1,VIR
2026S1,Toyota GR86 Cup,2,Adelaide Street Circuit
2026S1,Toyota GR86 Cup,3,Miami International Autodrome
2026S1,Toyota GR86 Cup,4,Motorsport Arena Oschersleben
2026S1,Toyota GR86 Cup,5,Road Atlanta
2026S1,Toyota GR86 Cup,6,Nürburgring Nords
2026S1,Toyota GR86 Cup,7,Summit Point Raceway
2026S1,Toyota GR86 Cup,8,Red Bull Ring
2026S1,Toyota GR86 Cup,9,Brands Hatch
2026S1,Toyota GR86 Cup,10,Okayama
2026S1,Toyota GR86 Cup,11,Autódromo Hermanos Rodríguez
2026S1,Toyota GR86 Cup,12,Watkins Glen
2026S1,GT Endurance,1,Miami International Autodrome
2026S1,GT Endurance,2,Autodromo Internazionale Enzo e Dino Ferrari -
2026S1,GT Endurance,3,Adelaide Street Circuit
2026S1,GT Endurance,4,Sachsenring
2026S1,GT Endurance,5,Daytona
2026S1,GT Endurance,6,Portimao
2026S1,GT Endurance,7,Shell V-Power Motorsport Park at The Bend -
2026S1,GT Endurance,8,Monza
2026S1,GT Endurance,9,VIR
2026S1,GT Endurance,10,Bathurst
2026S1,GT Endurance,11,Nürburgring GP
2026S1,GT Endurance,12,Misano
2026S1,IMSA Michelin Pilot Challenge,1,Nürburgring GP
2026S1,IMSA Michelin Pilot Challenge,2,Daytona
2026S1,IMSA Michelin Pilot Challenge,3,Long Beach Street Circuit
2026S1,IMSA Michelin Pilot Challenge,4,Monza
2026S1,IMSA Michelin Pilot Challenge,5,Portimao
2026S1,IMSA Michelin Pilot Challenge,6,Circuit de Barcelona Catalunya
2026S1,Porsche Cup,1,Miami International Autodrome
2026S1,Porsche Cup,2,Spa
2026S1,Porsche Cup,3,Nürburgring Combined
2026S1,Porsche Cup,4,Autódromo José Carlos Pace
2026S1,Porsche Cup,5,Circuit des 24 Heures du Mans
2026S1,Porsche Cup,6,Road Atlanta
2026S1,Porsche Cup,7,Monza
2026S1,Porsche Cup,8,Autodromo Internazionale Enzo e Dino Ferrari -
2026S1,Porsche Cup,9,Daytona
2026S1,Porsche Cup,10,Sebring
2026S1,Porsche Cup,11,Hockenheimring Baden-Württemberg
2026S1,Porsche Cup,12,Adelaide Street Circuit
2026S1,Porsche Cup,1,Miami International Autodrome
2026S1,Porsche Cup,2,Spa
2026S1,Porsche Cup,3,Nürburgring Combined
2026S1,Porsche Cup,4,Autódromo José Carlos Pace
2026S1,Porsche Cup,5,Circuit des 24 Heures du Mans
2026S1,Porsche Cup,6,Road Atlanta
2026S1,Porsche Cup,7,Monza
2026S1,Porsche Cup,8,Autodromo Internazionale Enzo e Dino Ferrari -
2026S1,Porsche Cup,9,Daytona
2026S1,Porsche Cup,10,Sebring
2026S1,Porsche Cup,11,Hockenheimring Baden-Württemberg
2026S1,Porsche Cup,12,Adelaide Street Circuit
2026S1,LMP3,1,Circuit des 24 Heures du Mans
2026S1,LMP3,2,Nürburgring GP
2026S1,LMP3,3,Oulton Park
2026S1,LMP3,4,Daytona
2026S1,LMP3,5,Montreal
2026S1,LMP3,6,Long Beach Street Circuit
2026S1,LMP3,7,Miami International Autodrome
2026S1,LMP3,8,Monza
2026S1,LMP3,9,Portland International Raceway
2026S1,LMP3,10,Portimao
2026S1,LMP3,11,Bathurst
2026S1,LMP3,12,Circuit de Barcelona Catalunya
2026S1,GT4 Falken Tyre Challenge,1,Spa
2026S1,GT4 Falken Tyre Challenge,2,Nürburgring GP
2026S1,GT4 Falken Tyre Challenge,3,Oulton Park
2026S1,GT4 Falken Tyre Challenge,4,Daytona
2026S1,GT4 Falken Tyre Challenge,5,Montreal
2026S1,GT4 Falken Tyre Challenge,6,Long Beach Street Circuit
2026S1,GT4 Falken Tyre Challenge,7,Miami International Autodrome
2026S1,GT4 Falken Tyre Challenge,8,Monza
2026S1,GT4 Falken Tyre Challenge,9,Portland International Raceway
2026S1,GT4 Falken Tyre Challenge,10,Portimao
2026S1,GT4 Falken Tyre Challenge,11,Bathurst
2026S1,GT4 Falken Tyre Challenge,12,Circuit de Barcelona Catalunya
2026S1,Global Endurance (6Hr),1,Sebring
2026S1,Global Endurance (6Hr),2,Daytona
2026S1,Global Endurance (6Hr),3,Aragon
2026S1,Global Endurance (6Hr),4,Circuito de Jerez
2026S1,Global Endurance (6Hr),5,Autódromo José Carlos Pace
2026S1,Global Endurance (6Hr),6,Montreal
2026S1,GT Sprint,1,Miami International Autodrome
2026S1,GT Sprint,2,Autodromo Internazionale Enzo e Dino Ferrari -
2026S1,GT Sprint,3,Adelaide Street Circuit
2026S1,GT Sprint,4,Sachsenring
2026S1,GT Sprint,5,Daytona
2026S1,GT Sprint,6,Portimao
2026S1,GT Sprint,7,Shell V-Power Motorsport Park at The Bend -
2026S1,GT Sprint,8,Monza
2026S1,GT Sprint,9,VIR
2026S1,GT Sprint,10,Bathurst
2026S1,GT Sprint,11,Nürburgring GP
2026S1,GT Sprint,12,Misano
2026S1,iRacing GT3 - Regionals,1,VIR
2026S1,iRacing GT3 - Regionals,2,Road Atlanta
2026S1,iRacing GT3 - Regionals,3,Canadian Tire Motorsports Park
2026S1,iRacing GT3 - Regionals,4,Miami International Autodrome
2026S1,iRacing GT3 - Regionals,5,Daytona
2026S1,iRacing GT3 - Regionals,6,Summit Point Raceway
2026S1,iRacing GT3 - Regionals,7,Barber Motorsports Park
2026S1,iRacing GT3 - Regionals,8,Watkins Glen
2026S1,iRacing GT3 - Regionals,9,Lime Rock Park
2026S1,iRacing GT3 - Regionals,10,Autódromo Hermanos Rodríguez
2026S1,iRacing GT3 - Regionals,11,Road America
2026S1,iRacing GT3 - Regionals,12,Laguna Seca
2026S1,iRacing GT3 - Regionals,1,Tsukuba Circuit
2026S1,iRacing GT3 - Regionals,2,Suzuka
2026S1,iRacing GT3 - Regionals,3,Shell V-Power Motorsport Park at The Bend -
2026S1,iRacing GT3 - Regionals,4,Adelaide Street Circuit
2026S1,iRacing GT3 - Regionals,5,Fuji
2026S1,iRacing GT3 - Regionals,6,Winton Motor Raceway
2026S1,iRacing GT3 - Regionals,7,Sandown International Motor Raceway
2026S1,iRacing GT3 - Regionals,8,Phillip Island Circuit
2026S1,iRacing GT3 - Regionals,9,Oran Park Raceway
2026S1,iRacing GT3 - Regionals,10,Bathurst
2026S1,iRacing GT3 - Regionals,11,Mobility Resort Motegi
2026S1,iRacing GT3 - Regionals,12,Okayama
2026S1,iRacing GT3 - Regionals,1,Rudskogen Motorsenter
2026S1,iRacing GT3 - Regionals,2,Silverstone
2026S1,iRacing GT3 - Regionals,3,Circuito de Jerez
2026S1,iRacing GT3 - Regionals,4,Portimao
2026S1,iRacing GT3 - Regionals,5,Spa
2026S1,iRacing GT3 - Regionals,6,Oulton Park
2026S1,iRacing GT3 - Regionals,7,Aragon
2026S1,iRacing GT3 - Regionals,8,Red Bull Ring
2026S1,iRacing GT3 - Regionals,9,Motorsport Arena Oschersleben
2026S1,iRacing GT3 - Regionals,10,Monza
2026S1,iRacing GT3 - Regionals,11,Donington Park Racing Circuit
2026S1,iRacing GT3 - Regionals,12,Snetterton Circuit
2026S1,LMP2 Challenge,1,Autódromo Hermanos Rodríguez
2026S1,LMP2 Challenge,2,Sebring
2026S1,LMP2 Challenge,3,Circuit des 24 Heures du Mans
2026S1,LMP2 Challenge,4,Red Bull Ring
2026S1,LMP2 Challenge,5,Daytona
2026S1,LMP2 Challenge,6,Aragon
2026S1,LMP2 Challenge,7,Watkins Glen
2026S1,LMP2 Challenge,8,Circuito de Jerez
2026S1,LMP2 Challenge,9,Road America
2026S1,LMP2 Challenge,10,Autódromo José Carlos Pace
2026S1,LMP2 Challenge,11,Monza
2026S1,LMP2 Challenge,12,Montreal
2026S1,Prototype Challenge,1,Autódromo Hermanos Rodríguez
2026S1,Prototype Challenge,2,Sebring
2026S1,Prototype Challenge,3,Circuit des 24 Heures du Mans
2026S1,Prototype Challenge,4,Red Bull Ring
2026S1,Prototype Challenge,5,Daytona
2026S1,Prototype Challenge,6,Aragon
2026S1,Prototype Challenge,7,Watkins Glen
2026S1,Prototype Challenge,8,Circuito de Jerez
2026S1,Prototype Challenge,9,Road America
2026S1,Prototype Challenge,10,Autódromo José Carlos Pace
2026S1,Prototype Challenge,11,Monza
2026S1,Prototype Challenge,12,Montreal
2026S1,IMSA iRacing Series,1,Autódromo Hermanos Rodríguez
2026S1,IMSA iRacing Series,2,Sebring
2026S1,IMSA iRacing Series,3,Circuit des 24 Heures du Mans
2026S1,IMSA iRacing Series,4,Red Bull Ring
2026S1,IMSA iRacing Series,5,Daytona
2026S1,IMSA iRacing Series,6,Aragon
2026S1,IMSA iRacing Series,7,Watkins Glen
2026S1,IMSA iRacing Series,8,Circuito de Jerez
2026S1,IMSA iRacing Series,9,Road America
2026S1,IMSA iRacing Series,10,Autódromo José Carlos Pace
2026S1,IMSA iRacing Series,11,Monza
2026S1,IMSA iRacing Series,12,Montreal
2026S1,IMSA iRacing Series,1,Autódromo Hermanos Rodríguez
2026S1,IMSA iRacing Series,2,Sebring
2026S1,IMSA iRacing Series,3,Circuit des 24 Heures du Mans
2026S1,IMSA iRacing Series,4,Red Bull Ring
2026S1,IMSA iRacing Series,5,Daytona
2026S1,IMSA iRacing Series,6,Aragon
2026S1,IMSA iRacing Series,7,Watkins Glen
2026S1,IMSA iRacing Series,8,Circuito de Jerez
2026S1,IMSA iRacing Series,9,Road America
2026S1,IMSA iRacing Series,10,Autódromo José Carlos Pace
2026S1,IMSA iRacing Series,11,Monza
2026S1,IMSA iRacing Series,12,Montreal
2026S2,Global Mazda MX-5 Cup,1,Motorsport Arena Oschersleben
2026S2,Global Mazda MX-5 Cup,2,Charlotte
2026S2,Global Mazda MX-5 Cup,3,Summit Point Raceway
2026S2,Global Mazda MX-5 Cup,4,Lime Rock Park
2026S2,Global Mazda MX-5 Cup,5,Okayama
2026S2,Global Mazda MX-5 Cup,6,VIR
2026S2,Global Mazda MX-5 Cup,7,Oulton Park
2026S2,Global Mazda MX-5 Cup,8,Oulton Park
2026S2,Global Mazda MX-5 Cup,9,Circuit de Lédenon
2026S2,Global Mazda MX-5 Cup,10,Circuito de Navarra
2026S2,Global Mazda MX-5 Cup,11,Tsukuba Circuit
2026S2,Global Mazda MX-5 Cup,12,Winton Motor Raceway
2026S2,Production Car Sim-Lab Challenge,1,Sebring
2026S2,Production Car Sim-Lab Challenge,2,Oulton Park
2026S2,Production Car Sim-Lab Challenge,3,St. Petersburg Grand Prix
2026S2,Production Car Sim-Lab Challenge,4,Adelaide Street Circuit
2026S2,Production Car Sim-Lab Challenge,5,Tsukuba Circuit
2026S2,Production Car Sim-Lab Challenge,6,Nürburgring Combined
2026S2,Production Car Sim-Lab Challenge,7,Winton Motor Raceway
2026S2,Production Car Sim-Lab Challenge,8,Shell V-Power Motorsport Park at The Bend -
2026S2,Production Car Sim-Lab Challenge,9,Circuito de Navarra
2026S2,Production Car Sim-Lab Challenge,10,Road Atlanta
2026S2,Production Car Sim-Lab Challenge,11,Autódromo Hermanos Rodríguez
2026S2,Production Car Sim-Lab Challenge,12,Rudskogen Motorsenter
2026S2,Toyota GR86 Cup,1,Lime Rock Park
2026S2,Toyota GR86 Cup,2,St. Petersburg Grand Prix
2026S2,Toyota GR86 Cup,3,Brands Hatch
2026S2,Toyota GR86 Cup,4,Tsukuba Circuit
2026S2,Toyota GR86 Cup,5,Autódromo José Carlos Pace
2026S2,Toyota GR86 Cup,6,Watkins Glen
2026S2,Toyota GR86 Cup,7,Circuito de Navarra
2026S2,Toyota GR86 Cup,8,Canadian Tire Motorsports Park
2026S2,Toyota GR86 Cup,9,Miami International Autodrome
2026S2,Toyota GR86 Cup,10,Oulton Park
2026S2,Toyota GR86 Cup,11,Bathurst
2026S2,Toyota GR86 Cup,12,Adelaide Street Circuit
2026S2,GT Endurance,1,St. Petersburg Grand Prix
2026S2,GT Endurance,2,Sebring
2026S2,GT Endurance,3,Summit Point Raceway
2026S2,GT Endurance,4,Spa
2026S2,GT Endurance,5,Mugello
2026S2,GT Endurance,6,Fuji
2026S2,GT Endurance,7,Brands Hatch
2026S2,GT Endurance,8,Adelaide Street Circuit
2026S2,GT Endurance,9,Suzuka
2026S2,GT Endurance,10,Circuit de Nevers Magny-Cours
2026S2,GT Endurance,11,Thruxton Circuit
2026S2,GT Endurance,12,Miami International Autodrome
2026S2,GT4 Falken Tyre Challenge,1,Adelaide Street Circuit
2026S2,GT4 Falken Tyre Challenge,2,Sebring
2026S2,GT4 Falken Tyre Challenge,3,Sonoma
2026S2,GT4 Falken Tyre Challenge,4,Donington Park Racing Circuit
2026S2,GT4 Falken Tyre Challenge,5,Barber Motorsports Park
2026S2,GT4 Falken Tyre Challenge,6,Nürburgring Combined
2026S2,GT4 Falken Tyre Challenge,7,Motorsport Arena Oschersleben
2026S2,GT4 Falken Tyre Challenge,8,Laguna Seca
2026S2,GT4 Falken Tyre Challenge,9,Circuit of the Americas
2026S2,GT4 Falken Tyre Challenge,10,Snetterton Circuit
2026S2,GT4 Falken Tyre Challenge,11,Fuji
2026S2,GT4 Falken Tyre Challenge,12,Mid-Ohio Sports Car Course
2026S2,IMSA Michelin Pilot Challenge,1,Sebring
2026S2,IMSA Michelin Pilot Challenge,2,Donington Park Racing Circuit
2026S2,IMSA Michelin Pilot Challenge,3,Nürburgring Combined
2026S2,IMSA Michelin Pilot Challenge,4,Laguna Seca
2026S2,IMSA Michelin Pilot Challenge,5,Snetterton Circuit
2026S2,IMSA Michelin Pilot Challenge,6,Mid-Ohio Sports Car Course
2026S2,Porsche Cup,1,Sebring
2026S2,Porsche Cup,2,Autodromo Internazionale Enzo e Dino Ferrari -
2026S2,Porsche Cup,3,Suzuka
2026S2,Porsche Cup,4,Autódromo Hermanos Rodríguez
2026S2,Porsche Cup,5,Long Beach Street Circuit
2026S2,Porsche Cup,6,Red Bull Ring
2026S2,Porsche Cup,7,Nürburgring Combined
2026S2,Porsche Cup,8,Donington Park Racing Circuit
2026S2,Porsche Cup,9,Spa
2026S2,Porsche Cup,10,Zandvoort
2026S2,Porsche Cup,11,Adelaide Street Circuit
2026S2,Porsche Cup,12,St. Petersburg Grand Prix
2026S2,Porsche Cup,1,Sebring
2026S2,Porsche Cup,2,Autodromo Internazionale Enzo e Dino Ferrari -
2026S2,Porsche Cup,3,Suzuka
2026S2,Porsche Cup,4,Autódromo Hermanos Rodríguez
2026S2,Porsche Cup,5,Long Beach Street Circuit
2026S2,Porsche Cup,6,Red Bull Ring
2026S2,Porsche Cup,7,Nürburgring Combined
2026S2,Porsche Cup,8,Donington Park Racing Circuit
2026S2,Porsche Cup,9,Spa
2026S2,Porsche Cup,10,Zandvoort
2026S2,Porsche Cup,11,Adelaide Street Circuit
2026S2,Porsche Cup,12,St. Petersburg Grand Prix
2026S2,LMP3,1,Adelaide Street Circuit
2026S2,LMP3,2,Sebring
2026S2,LMP3,3,Sonoma
2026S2,LMP3,4,Donington Park Racing Circuit
2026S2,LMP3,5,Barber Motorsports Park
2026S2,LMP3,6,Nürburgring Combined
2026S2,LMP3,7,Motorsport Arena Oschersleben
2026S2,LMP3,8,Laguna Seca
2026S2,LMP3,9,Circuit of the Americas
2026S2,LMP3,10,Snetterton Circuit
2026S2,LMP3,11,Fuji
2026S2,LMP3,12,Mid-Ohio Sports Car Course
2026S2,LMP3,1,Spa
2026S2,LMP3,2,Sebring
2026S2,LMP3,3,Suzuka
2026S2,LMP3,4,Nürburgring GP
2026S2,GT4 Falken Tyre Challenge,1,Adelaide Street Circuit
2026S2,GT4 Falken Tyre Challenge,2,Sebring
2026S2,GT4 Falken Tyre Challenge,3,Sonoma
2026S2,GT4 Falken Tyre Challenge,4,Donington Park Racing Circuit
2026S2,GT4 Falken Tyre Challenge,5,Barber Motorsports Park
2026S2,GT4 Falken Tyre Challenge,6,Nürburgring Combined
2026S2,GT4 Falken Tyre Challenge,7,Motorsport Arena Oschersleben
2026S2,GT4 Falken Tyre Challenge,8,Laguna Seca
2026S2,GT4 Falken Tyre Challenge,9,Circuit of the Americas
2026S2,GT4 Falken Tyre Challenge,10,Snetterton Circuit
2026S2,GT4 Falken Tyre Challenge,11,Fuji
2026S2,GT4 Falken Tyre Challenge,12,Mid-Ohio Sports Car Course
2026S2,Global Endurance (6Hr),1,Silverstone
2026S2,Global Endurance (6Hr),2,Portimao
2026S2,Global Endurance (6Hr),3,Autodromo Internazionale Enzo e Dino Ferrari -
2026S2,Global Endurance (6Hr),4,Spa
2026S2,Global Endurance (6Hr),5,Nürburgring Combined
2026S2,Global Endurance (6Hr),6,Road America
2026S2,GT Sprint,1,St. Petersburg Grand Prix
2026S2,GT Sprint,2,Sebring
2026S2,GT Sprint,3,Summit Point Raceway
2026S2,GT Sprint,4,Spa
2026S2,GT Sprint,5,Mugello
2026S2,GT Sprint,6,Fuji
2026S2,GT Sprint,7,Brands Hatch
2026S2,GT Sprint,8,Adelaide Street Circuit
2026S2,GT Sprint,9,Suzuka
2026S2,GT Sprint,10,Circuit de Nevers Magny-Cours
2026S2,GT Sprint,11,Thruxton Circuit
2026S2,GT Sprint,12,Miami International Autodrome
2026S2,iRacing GT3 - Regionals,1,Summit Point Raceway
2026S2,iRacing GT3 - Regionals,2,Sebring
2026S2,iRacing GT3 - Regionals,3,Canadian Tire Motorsports Park
2026S2,iRacing GT3 - Regionals,4,Road America
2026S2,iRacing GT3 - Regionals,5,Barber Motorsports Park
2026S2,iRacing GT3 - Regionals,6,Charlotte
2026S2,iRacing GT3 - Regionals,7,Watkins Glen
2026S2,iRacing GT3 - Regionals,8,Autódromo José Carlos Pace
2026S2,iRacing GT3 - Regionals,9,VIR
2026S2,iRacing GT3 - Regionals,10,Autódromo Hermanos Rodríguez
2026S2,iRacing GT3 - Regionals,11,St. Petersburg Grand Prix
2026S2,iRacing GT3 - Regionals,12,Lime Rock Park
2026S2,iRacing GT3 - Regionals,1,Okayama
2026S2,iRacing GT3 - Regionals,2,Fuji
2026S2,iRacing GT3 - Regionals,3,Shell V-Power Motorsport Park at The Bend -
2026S2,iRacing GT3 - Regionals,4,Bathurst
2026S2,iRacing GT3 - Regionals,5,Phillip Island Circuit
2026S2,iRacing GT3 - Regionals,6,Tsukuba Circuit
2026S2,iRacing GT3 - Regionals,7,Suzuka
2026S2,iRacing GT3 - Regionals,8,Sandown International Motor Raceway
2026S2,iRacing GT3 - Regionals,9,Winton Motor Raceway
2026S2,iRacing GT3 - Regionals,10,Mobility Resort Motegi
2026S2,iRacing GT3 - Regionals,11,Adelaide Street Circuit
2026S2,iRacing GT3 - Regionals,12,Oran Park Raceway
2026S2,iRacing GT3 - Regionals,1,Oulton Park
2026S2,iRacing GT3 - Regionals,2,Red Bull Ring
2026S2,iRacing GT3 - Regionals,3,Sachsenring
2026S2,iRacing GT3 - Regionals,4,Circuito de Jerez
2026S2,iRacing GT3 - Regionals,5,Donington Park Racing Circuit
2026S2,iRacing GT3 - Regionals,6,Rudskogen Motorsenter
2026S2,iRacing GT3 - Regionals,7,Autodromo Internazionale Enzo e Dino Ferrari -
2026S2,iRacing GT3 - Regionals,8,Silverstone
2026S2,iRacing GT3 - Regionals,9,Snetterton Circuit
2026S2,iRacing GT3 - Regionals,10,Aragon
2026S2,iRacing GT3 - Regionals,11,Thruxton Circuit
2026S2,iRacing GT3 - Regionals,12,Motorsport Arena Oschersleben
2026S2,LMP2 Challenge,1,Silverstone
2026S2,LMP2 Challenge,2,Sebring
2026S2,LMP2 Challenge,3,Hockenheimring Baden-Württemberg
2026S2,LMP2 Challenge,4,Portimao
2026S2,LMP2 Challenge,5,Long Beach Street Circuit
2026S2,LMP2 Challenge,6,Autodromo Internazionale Enzo e Dino Ferrari -
2026S2,LMP2 Challenge,7,Laguna Seca
2026S2,LMP2 Challenge,8,Spa
2026S2,LMP2 Challenge,9,Road Atlanta
2026S2,LMP2 Challenge,10,Nürburgring Combined
2026S2,LMP2 Challenge,11,Detroit Grand Prix at Belle Isle
2026S2,LMP2 Challenge,12,Road America
2026S2,Prototype Challenge,1,Silverstone
2026S2,Prototype Challenge,2,Sebring
2026S2,Prototype Challenge,3,Hockenheimring Baden-Württemberg
2026S2,Prototype Challenge,4,Portimao
2026S2,Prototype Challenge,5,Long Beach Street Circuit
2026S2,Prototype Challenge,6,Autodromo Internazionale Enzo e Dino Ferrari -
2026S2,Prototype Challenge,7,Laguna Seca
2026S2,Prototype Challenge,8,Spa
2026S2,Prototype Challenge,9,Road Atlanta
2026S2,Prototype Challenge,10,Nürburgring Combined
2026S2,Prototype Challenge,11,Detroit Grand Prix at Belle Isle
2026S2,Prototype Challenge,12,Road America
2026S2,IMSA iRacing Series,1,Silverstone
2026S2,IMSA iRacing Series,2,Sebring
2026S2,IMSA iRacing Series,3,Hockenheimring Baden-Württemberg
2026S2,IMSA iRacing Series,4,Portimao
2026S2,IMSA iRacing Series,5,Long Beach Street Circuit
2026S2,IMSA iRacing Series,6,Autodromo Internazionale Enzo e Dino Ferrari -
2026S2,IMSA iRacing Series,7,Laguna Seca
2026S2,IMSA iRacing Series,8,Spa
2026S2,IMSA iRacing Series,9,Road Atlanta
2026S2,IMSA iRacing Series,10,Nürburgring Combined
2026S2,IMSA iRacing Series,11,Detroit Grand Prix at Belle Isle
2026S2,IMSA iRacing Series,12,Road America
2026S2,IMSA iRacing Series,1,Silverstone
2026S2,IMSA iRacing Series,2,Sebring
2026S2,IMSA iRacing Series,3,Hockenheimring Baden-Württemberg
2026S2,IMSA iRacing Series,4,Portimao
2026S2,IMSA iRacing Series,5,Long Beach Street Circuit
2026S2,IMSA iRacing Series,6,Autodromo Internazionale Enzo e Dino Ferrari -
2026S2,IMSA iRacing Series,7,Laguna Seca
2026S2,IMSA iRacing Series,8,Spa
2026S2,IMSA iRacing Series,9,Road Atlanta
2026S2,IMSA iRacing Series,10,Nürburgring Combined
2026S2,IMSA iRacing Series,11,Detroit Grand Prix at Belle Isle
2026S2,IMSA iRacing Series,12,Road America
